flight_number,departure_location,arrival_location,departure_time,arrival_time,gate,status,crew_required,flight_duration_minutes,is_international
JB9963,JFK,ORD,2025-06-28 03:48:00,2025-06-28 05:47:00,B18,scheduled,7,119.0,False
DL3627,ORD,SEA,2025-07-03 16:38:00,2025-07-03 18:49:00,B14,scheduled,4,131.0,True
DL2777,BOS,ORD,2025-07-12 12:25:00,2025-07-12 16:31:00,B6,scheduled,7,246.0,False
AL9297,ORD,DEN,2025-06-24 13:30:00,2025-06-24 15:33:00,B4,scheduled,6,123.0,True
DL7016,JFK,ORD,2025-06-25 03:56:00,2025-06-25 07:36:00,B15,delayed,6,220.0,False
AL4415,SFO,ORD,2025-07-08 20:35:00,2025-07-08 21:35:00,B4,scheduled,7,60.0,False
AA4989,MIA,ORD,2025-07-11 07:31:00,2025-07-11 12:24:00,B19,scheduled,7,293.0,False
SW9107,MIA,ORD,2025-06-24 01:14:00,2025-06-24 05:02:00,B16,scheduled,5,228.0,False
JB7032,ORD,DEN,2025-07-12 05:21:00,2025-07-12 10:04:00,B10,scheduled,7,283.0,True
SW4081,MIA,ORD,2025-07-14 04:43:00,2025-07-14 08:10:00,B10,scheduled,5,207.0,False
DL1335,SFO,ORD,2025-06-30 21:14:00,2025-07-01 00:12:00,B8,delayed,5,178.0,False
SW8056,JFK,ORD,2025-06-28 23:11:00,2025-06-29 00:53:00,B9,scheduled,7,102.0,False
AA3144,MIA,ORD,2025-06-20 19:07:00,2025-06-20 22:17:00,B10,scheduled,4,190.0,False
AA9433,LAX,ORD,2025-06-28 21:54:00,2025-06-29 00:37:00,B5,scheduled,7,163.0,False
JB4445,LAX,ORD,2025-07-12 16:14:00,2025-07-12 18:08:00,B18,scheduled,6,114.0,False
DL6154,ORD,SFO,2025-06-21 08:08:00,2025-06-21 12:53:00,B15,delayed,7,285.0,False
JB5056,DFW,ORD,2025-07-08 03:36:00,2025-07-08 08:09:00,B15,scheduled,5,273.0,False
DL5717,ORD,DEN,2025-07-01 00:45:00,2025-07-01 04:19:00,B10,delayed,7,214.0,True
SW9138,ORD,DEN,2025-06-25 13:29:00,2025-06-25 17:38:00,B3,scheduled,7,249.0,True
UA753,SFO,ORD,2025-06-20 02:41:00,2025-06-20 04:59:00,B4,cancelled,6,138.0,False
DL5542,ORD,ATL,2025-07-06 23:20:00,2025-07-07 00:26:00,B12,scheduled,7,66.0,False
JB4449,JFK,ORD,2025-06-30 02:18:00,2025-06-30 04:03:00,B16,delayed,5,105.0,False
UA5239,JFK,ORD,2025-07-15 08:36:00,2025-07-15 11:27:00,B7,scheduled,4,171.0,False
AL6311,MIA,ORD,2025-06-26 22:32:00,2025-06-27 01:19:00,B2,scheduled,5,167.0,False
AA5078,ORD,DEN,2025-07-06 16:32:00,2025-07-06 19:52:00,B11,delayed,4,200.0,True
UA8545,SEA,ORD,2025-07-18 04:38:00,2025-07-18 05:59:00,B10,scheduled,5,81.0,False
DL8586,JFK,ORD,2025-07-07 13:22:00,2025-07-07 15:18:00,B19,scheduled,5,116.0,False
JB5298,ORD,MIA,2025-07-12 09:08:00,2025-07-12 12:31:00,B7,scheduled,6,203.0,False
DL4643,ORD,MIA,2025-07-08 16:35:00,2025-07-08 18:41:00,B16,scheduled,7,126.0,False
SW5521,ORD,DFW,2025-06-21 03:09:00,2025-06-21 05:55:00,B5,delayed,6,166.0,True
JB541,ORD,MIA,2025-06-24 00:24:00,2025-06-24 04:03:00,B15,delayed,7,219.0,False
SW5463,SEA,ORD,2025-06-20 11:55:00,2025-06-20 14:01:00,B13,scheduled,7,126.0,False
AA9340,ATL,ORD,2025-07-09 18:15:00,2025-07-09 22:06:00,B9,scheduled,7,231.0,False
JB4525,ORD,SEA,2025-06-26 05:23:00,2025-06-26 09:30:00,B12,delayed,5,247.0,True
JB4886,ORD,DEN,2025-06-20 06:42:00,2025-06-20 07:55:00,B13,scheduled,4,73.0,True
AA9505,ORD,MIA,2025-06-22 21:03:00,2025-06-23 01:46:00,B12,delayed,7,283.0,False
AA4166,ORD,ATL,2025-07-13 19:46:00,2025-07-13 22:03:00,B8,scheduled,6,137.0,False
AL9829,ORD,JFK,2025-07-06 19:12:00,2025-07-06 22:07:00,B16,scheduled,6,175.0,True
DL5139,DFW,ORD,2025-06-21 10:59:00,2025-06-21 12:14:00,B10,delayed,6,75.0,False
SW4822,ORD,SFO,2025-07-06 22:37:00,2025-07-07 02:34:00,B7,cancelled,4,237.0,False
JB6784,ORD,DEN,2025-07-13 06:39:00,2025-07-13 07:42:00,B17,scheduled,7,63.0,True
SW5754,SEA,ORD,2025-07-08 12:44:00,2025-07-08 16:01:00,B6,scheduled,7,197.0,False
JB9769,ORD,MIA,2025-06-19 21:26:00,2025-06-19 22:58:00,B10,cancelled,6,92.0,False
AA853,SEA,ORD,2025-07-01 20:05:00,2025-07-02 00:56:00,B11,scheduled,4,291.0,False
JB3050,ORD,DFW,2025-07-12 09:10:00,2025-07-12 11:55:00,B17,scheduled,7,165.0,True
SW4045,ORD,ATL,2025-06-21 19:15:00,2025-06-21 22:51:00,B4,delayed,6,216.0,False
AL4261,SEA,ORD,2025-06-28 18:36:00,2025-06-28 21:34:00,B5,delayed,7,178.0,False
UA9726,MIA,ORD,2025-06-21 13:40:00,2025-06-21 16:33:00,B12,scheduled,7,173.0,False
JB6094,SFO,ORD,2025-06-27 08:19:00,2025-06-27 09:52:00,B18,scheduled,4,93.0,False
AL8950,ORD,SEA,2025-07-08 20:29:00,2025-07-08 23:03:00,B8,scheduled,7,154.0,True
AA8117,SFO,ORD,2025-07-07 02:09:00,2025-07-07 05:56:00,B16,scheduled,7,227.0,False
JB3494,ORD,DFW,2025-06-21 07:56:00,2025-06-21 12:28:00,B4,delayed,7,272.0,True
AA5969,ORD,LAX,2025-06-19 09:09:00,2025-06-19 10:42:00,B8,scheduled,5,93.0,False
AL1141,ORD,SEA,2025-07-12 03:37:00,2025-07-12 05:06:00,B9,delayed,4,89.0,True
DL1176,LAX,ORD,2025-07-02 20:49:00,2025-07-03 00:24:00,B18,delayed,4,215.0,False
JB9084,ORD,DEN,2025-07-16 14:55:00,2025-07-16 18:37:00,B13,scheduled,5,222.0,True
AA1627,ORD,MIA,2025-06-21 06:19:00,2025-06-21 07:42:00,B13,scheduled,6,83.0,False
DL1873,ATL,ORD,2025-07-18 02:19:00,2025-07-18 05:22:00,B14,scheduled,6,183.0,False
AL5414,DEN,ORD,2025-07-05 01:11:00,2025-07-05 03:30:00,B16,scheduled,7,139.0,False
AA226,ORD,DEN,2025-07-01 09:09:00,2025-07-01 11:32:00,B4,scheduled,6,143.0,True
SW1834,ORD,MIA,2025-07-04 16:14:00,2025-07-04 17:36:00,B2,scheduled,4,82.0,False
DL8195,BOS,ORD,2025-07-18 00:59:00,2025-07-18 02:18:00,B9,scheduled,6,79.0,False
SW7345,DEN,ORD,2025-07-08 05:20:00,2025-07-08 06:37:00,B8,scheduled,5,77.0,False
UA1481,ORD,JFK,2025-07-08 17:05:00,2025-07-08 18:31:00,B11,scheduled,5,86.0,True
AL7272,MIA,ORD,2025-06-19 23:45:00,2025-06-20 01:48:00,B13,delayed,6,123.0,False
AL2417,ORD,SFO,2025-06-21 22:01:00,2025-06-22 01:30:00,B3,delayed,4,209.0,False
SW5481,ORD,LAX,2025-07-02 07:08:00,2025-07-02 10:31:00,B10,scheduled,7,203.0,False
AL7037,ORD,BOS,2025-06-22 11:04:00,2025-06-22 14:49:00,B7,delayed,4,225.0,True
AA8417,ORD,LAX,2025-07-01 16:05:00,2025-07-01 20:41:00,B9,scheduled,7,276.0,False
UA7840,DEN,ORD,2025-06-24 11:17:00,2025-06-24 12:26:00,B2,scheduled,5,69.0,False
AA1398,ORD,MIA,2025-07-08 14:59:00,2025-07-08 18:36:00,B16,delayed,5,217.0,False
JB369,LAX,ORD,2025-07-10 22:56:00,2025-07-11 02:28:00,B4,scheduled,6,212.0,False
SW3086,DEN,ORD,2025-07-09 08:29:00,2025-07-09 12:27:00,B8,scheduled,5,238.0,False
UA3402,ORD,LAX,2025-07-09 00:54:00,2025-07-09 02:03:00,B2,scheduled,5,69.0,False
AL6101,ORD,LAX,2025-06-28 22:46:00,2025-06-29 03:05:00,B13,scheduled,6,259.0,False
UA4666,ORD,BOS,2025-07-04 21:48:00,2025-07-05 00:29:00,B4,scheduled,6,161.0,True
AL5336,ORD,MIA,2025-06-22 04:53:00,2025-06-22 09:20:00,B11,scheduled,4,267.0,False
DL2088,ORD,ATL,2025-07-04 15:50:00,2025-07-04 19:00:00,B2,scheduled,7,190.0,False
SW530,ATL,ORD,2025-06-28 23:34:00,2025-06-29 03:56:00,B17,scheduled,7,262.0,False
SW7942,ORD,LAX,2025-06-21 04:48:00,2025-06-21 07:07:00,B17,delayed,7,139.0,False
SW7732,ORD,SFO,2025-07-17 10:36:00,2025-07-17 11:54:00,B18,delayed,4,78.0,False
AA2134,ORD,ATL,2025-07-07 21:32:00,2025-07-08 00:40:00,B11,scheduled,5,188.0,False
DL5386,MIA,ORD,2025-07-02 01:11:00,2025-07-02 02:53:00,B17,scheduled,6,102.0,False
JB5631,BOS,ORD,2025-06-25 23:59:00,2025-06-26 03:47:00,B10,scheduled,6,228.0,False
SW3442,ORD,MIA,2025-07-07 02:58:00,2025-07-07 06:01:00,B8,delayed,6,183.0,False
AL5331,DEN,ORD,2025-07-02 10:25:00,2025-07-02 15:05:00,B13,scheduled,5,280.0,False
SW4044,JFK,ORD,2025-07-06 02:31:00,2025-07-06 05:40:00,B6,scheduled,5,189.0,False
UA6706,SFO,ORD,2025-06-30 05:52:00,2025-06-30 09:58:00,B11,delayed,4,246.0,False
UA9239,ORD,LAX,2025-07-06 03:14:00,2025-07-06 05:49:00,B19,scheduled,7,155.0,False
JB6676,DEN,ORD,2025-06-27 06:25:00,2025-06-27 09:59:00,B2,scheduled,5,214.0,False
DL6538,ORD,SFO,2025-07-16 02:38:00,2025-07-16 04:59:00,B17,scheduled,4,141.0,False
SW5239,JFK,ORD,2025-06-26 21:23:00,2025-06-26 22:27:00,B9,delayed,6,64.0,False
DL6823,SFO,ORD,2025-07-07 00:03:00,2025-07-07 03:59:00,B1,scheduled,4,236.0,False
JB4020,ORD,LAX,2025-07-16 05:29:00,2025-07-16 09:38:00,B16,cancelled,4,249.0,False
AL7839,JFK,ORD,2025-07-07 00:26:00,2025-07-07 02:50:00,B12,scheduled,6,144.0,False
UA3259,SEA,ORD,2025-07-11 03:44:00,2025-07-11 06:43:00,B6,scheduled,5,179.0,False
UA9402,ORD,JFK,2025-07-03 13:12:00,2025-07-03 17:34:00,B13,delayed,7,262.0,True
AL6743,ATL,ORD,2025-07-16 00:19:00,2025-07-16 04:58:00,B7,cancelled,6,279.0,False
DL211,ORD,ATL,2025-07-09 22:30:00,2025-07-10 00:52:00,B10,cancelled,5,142.0,False
DL6742,JFK,ORD,2025-07-09 09:20:00,2025-07-09 11:38:00,B5,scheduled,4,138.0,False
JB1045,ORD,BOS,2025-07-07 02:45:00,2025-07-07 05:41:00,B4,scheduled,7,176.0,True
DL3748,ORD,BOS,2025-07-06 02:19:00,2025-07-06 05:34:00,B5,scheduled,6,195.0,True
SW9207,BOS,ORD,2025-07-16 16:45:00,2025-07-16 20:38:00,B13,scheduled,7,233.0,False
DL3792,SFO,ORD,2025-07-12 16:33:00,2025-07-12 19:34:00,B13,cancelled,5,181.0,False
AA9314,DFW,ORD,2025-07-09 06:44:00,2025-07-09 11:38:00,B3,scheduled,7,294.0,False
JB9256,JFK,ORD,2025-06-26 18:31:00,2025-06-26 22:56:00,B8,scheduled,6,265.0,False
AL9054,ORD,SFO,2025-06-25 21:52:00,2025-06-25 23:27:00,B18,scheduled,5,95.0,False
AA8684,SEA,ORD,2025-07-12 21:09:00,2025-07-13 00:53:00,B14,delayed,5,224.0,False
AA6856,JFK,ORD,2025-06-20 09:59:00,2025-06-20 14:14:00,B14,scheduled,6,255.0,False
DL249,ORD,DFW,2025-06-21 07:14:00,2025-06-21 11:15:00,B10,scheduled,7,241.0,True
DL4048,ORD,LAX,2025-06-22 14:12:00,2025-06-22 17:26:00,B11,scheduled,5,194.0,False
AA5003,ATL,ORD,2025-07-06 08:02:00,2025-07-06 12:59:00,B17,scheduled,4,297.0,False
SW8956,ORD,DFW,2025-07-13 23:58:00,2025-07-14 04:31:00,B3,scheduled,5,273.0,True
JB4939,ORD,SEA,2025-06-22 02:36:00,2025-06-22 06:53:00,B4,delayed,5,257.0,True
AA1599,ORD,SEA,2025-07-02 14:53:00,2025-07-02 17:25:00,B15,scheduled,5,152.0,True
SW9225,ORD,LAX,2025-06-26 17:40:00,2025-06-26 20:30:00,B7,delayed,4,170.0,False
UA8179,ORD,ATL,2025-06-30 10:43:00,2025-06-30 13:00:00,B15,cancelled,7,137.0,False
UA6999,ORD,LAX,2025-06-25 19:38:00,2025-06-25 22:29:00,B4,delayed,7,171.0,False
AL3390,ORD,DEN,2025-07-02 19:15:00,2025-07-02 22:49:00,B18,delayed,6,214.0,True
SW3534,ORD,BOS,2025-06-19 10:23:00,2025-06-19 14:29:00,B6,scheduled,6,246.0,True
AL2625,ORD,DEN,2025-06-29 05:21:00,2025-06-29 07:25:00,B2,scheduled,5,124.0,True
AL5916,LAX,ORD,2025-06-29 12:08:00,2025-06-29 15:56:00,B8,scheduled,4,228.0,False
AL6647,ORD,JFK,2025-07-13 20:11:00,2025-07-13 23:56:00,B12,scheduled,4,225.0,True
SW1812,MIA,ORD,2025-07-03 21:47:00,2025-07-03 22:53:00,B19,scheduled,7,66.0,False
AL3332,ORD,SEA,2025-07-06 05:04:00,2025-07-06 06:11:00,B18,scheduled,5,67.0,True
SW1967,ORD,SFO,2025-07-03 01:03:00,2025-07-03 02:53:00,B15,delayed,4,110.0,False
JB9769,SEA,ORD,2025-07-01 17:53:00,2025-07-01 22:48:00,B5,scheduled,4,295.0,False
JB2938,SFO,ORD,2025-07-10 08:34:00,2025-07-10 12:16:00,B6,scheduled,4,222.0,False
DL3165,MIA,ORD,2025-07-10 11:49:00,2025-07-10 14:02:00,B14,scheduled,6,133.0,False
SW9300,SEA,ORD,2025-06-27 02:07:00,2025-06-27 06:35:00,B13,scheduled,4,268.0,False
AL8215,DFW,ORD,2025-07-09 00:31:00,2025-07-09 03:55:00,B2,cancelled,7,204.0,False
AL2178,ORD,SEA,2025-06-20 21:45:00,2025-06-20 23:55:00,B13,delayed,4,130.0,True
UA4155,ORD,DFW,2025-06-24 20:44:00,2025-06-25 00:46:00,B19,delayed,4,242.0,True
SW111,JFK,ORD,2025-06-25 09:33:00,2025-06-25 12:25:00,B5,delayed,4,172.0,False
UA4202,ORD,DEN,2025-06-22 10:57:00,2025-06-22 14:44:00,B19,scheduled,7,227.0,True
DL2440,DFW,ORD,2025-07-05 15:02:00,2025-07-05 19:20:00,B1,scheduled,7,258.0,False
AL2348,DFW,ORD,2025-06-23 15:27:00,2025-06-23 16:30:00,B14,scheduled,7,63.0,False
AL4503,DFW,ORD,2025-07-05 03:10:00,2025-07-05 04:42:00,B9,cancelled,4,92.0,False
UA1785,BOS,ORD,2025-07-04 22:36:00,2025-07-05 00:16:00,B16,scheduled,4,100.0,False
AA9158,SFO,ORD,2025-06-26 08:28:00,2025-06-26 13:26:00,B16,delayed,4,298.0,False
SW491,ATL,ORD,2025-06-18 11:57:00,2025-06-18 16:55:00,B17,scheduled,5,298.0,False
DL7465,ORD,LAX,2025-06-25 06:44:00,2025-06-25 08:11:00,B8,scheduled,4,87.0,False
SW9208,DFW,ORD,2025-06-19 14:56:00,2025-06-19 17:39:00,B17,delayed,7,163.0,False
UA2107,SEA,ORD,2025-06-22 09:27:00,2025-06-22 14:18:00,B2,scheduled,7,291.0,False
DL4605,ORD,SFO,2025-06-27 23:31:00,2025-06-28 04:23:00,B10,scheduled,4,292.0,False
DL6968,JFK,ORD,2025-06-30 22:35:00,2025-07-01 01:13:00,B1,delayed,4,158.0,False
DL4466,ORD,LAX,2025-06-29 11:43:00,2025-06-29 15:31:00,B10,delayed,6,228.0,False
UA5978,ORD,ATL,2025-06-28 23:22:00,2025-06-29 02:53:00,B1,scheduled,6,211.0,False
AL5298,ORD,SEA,2025-07-17 07:14:00,2025-07-17 10:18:00,B13,scheduled,6,184.0,True
UA3757,ORD,BOS,2025-07-16 03:20:00,2025-07-16 07:41:00,B9,scheduled,5,261.0,True
AL4925,BOS,ORD,2025-07-05 10:17:00,2025-07-05 12:35:00,B7,scheduled,5,138.0,False
JB6515,ORD,ATL,2025-06-18 06:57:00,2025-06-18 10:56:00,B11,cancelled,7,239.0,False
AA4931,ORD,MIA,2025-06-21 13:30:00,2025-06-21 17:54:00,B9,cancelled,4,264.0,False
AA9062,ORD,SEA,2025-06-25 12:45:00,2025-06-25 16:52:00,B1,cancelled,6,247.0,True
SW2673,SFO,ORD,2025-07-15 20:21:00,2025-07-16 01:08:00,B4,scheduled,6,287.0,False
DL6805,JFK,ORD,2025-07-03 06:38:00,2025-07-03 08:30:00,B7,delayed,7,112.0,False
AA7105,SEA,ORD,2025-06-20 16:32:00,2025-06-20 19:04:00,B12,scheduled,5,152.0,False
DL7403,ORD,SFO,2025-07-05 13:38:00,2025-07-05 16:12:00,B18,scheduled,4,154.0,False
AL7233,ORD,JFK,2025-07-07 11:26:00,2025-07-07 12:46:00,B2,delayed,4,80.0,True
UA1197,ATL,ORD,2025-07-15 06:57:00,2025-07-15 09:03:00,B12,cancelled,5,126.0,False
UA3992,ORD,SEA,2025-06-19 23:21:00,2025-06-20 02:02:00,B19,scheduled,5,161.0,True
SW5357,ATL,ORD,2025-07-01 21:12:00,2025-07-02 01:22:00,B4,scheduled,4,250.0,False
UA5740,ORD,MIA,2025-07-14 22:01:00,2025-07-15 01:22:00,B1,cancelled,5,201.0,False
AA6433,ORD,DEN,2025-06-22 07:43:00,2025-06-22 09:55:00,B2,scheduled,6,132.0,True
DL1030,ATL,ORD,2025-07-11 18:01:00,2025-07-11 22:16:00,B8,scheduled,7,255.0,False
DL4337,ORD,DEN,2025-06-22 15:36:00,2025-06-22 18:36:00,B11,scheduled,7,180.0,True
AA3741,MIA,ORD,2025-07-03 11:36:00,2025-07-03 15:23:00,B16,scheduled,4,227.0,False
DL8299,JFK,ORD,2025-07-09 16:47:00,2025-07-09 21:34:00,B6,scheduled,4,287.0,False
SW9429,ORD,ATL,2025-06-27 07:46:00,2025-06-27 10:13:00,B7,delayed,5,147.0,False
AL3054,SEA,ORD,2025-07-02 14:34:00,2025-07-02 19:14:00,B2,scheduled,6,280.0,False
AA2220,BOS,ORD,2025-07-10 11:44:00,2025-07-10 16:05:00,B17,scheduled,5,261.0,False
SW5985,SFO,ORD,2025-07-03 19:21:00,2025-07-04 00:11:00,B8,scheduled,6,290.0,False
DL3775,ATL,ORD,2025-07-06 13:36:00,2025-07-06 14:40:00,B2,cancelled,7,64.0,False
JB2868,ORD,DFW,2025-06-19 04:56:00,2025-06-19 08:26:00,B6,scheduled,4,210.0,True
UA6995,ORD,DFW,2025-07-16 21:28:00,2025-07-16 22:30:00,B4,scheduled,7,62.0,True
SW3502,DFW,ORD,2025-06-20 00:02:00,2025-06-20 03:22:00,B4,scheduled,5,200.0,False
AL1060,ORD,LAX,2025-06-24 05:44:00,2025-06-24 09:42:00,B16,scheduled,5,238.0,False
JB8008,ORD,LAX,2025-07-07 03:24:00,2025-07-07 08:17:00,B2,scheduled,6,293.0,False
AA2671,ORD,BOS,2025-07-16 02:27:00,2025-07-16 03:40:00,B19,scheduled,5,73.0,True
AA9228,JFK,ORD,2025-07-06 13:39:00,2025-07-06 16:24:00,B14,scheduled,4,165.0,False
AL6804,ORD,MIA,2025-06-24 14:24:00,2025-06-24 18:54:00,B19,scheduled,7,270.0,False
AL895,ORD,MIA,2025-06-18 09:44:00,2025-06-18 12:59:00,B18,delayed,5,195.0,False
SW9939,BOS,ORD,2025-06-24 01:13:00,2025-06-24 02:39:00,B17,scheduled,7,86.0,False
JB8493,SEA,ORD,2025-06-24 11:55:00,2025-06-24 14:40:00,B4,scheduled,7,165.0,False
JB8988,DEN,ORD,2025-07-17 19:04:00,2025-07-17 20:49:00,B13,cancelled,5,105.0,False
UA3442,DFW,ORD,2025-06-21 00:45:00,2025-06-21 04:41:00,B15,scheduled,6,236.0,False
AA7120,ORD,BOS,2025-06-23 15:21:00,2025-06-23 17:57:00,B8,scheduled,6,156.0,True
SW1606,ORD,SEA,2025-07-12 22:11:00,2025-07-13 01:28:00,B12,scheduled,6,197.0,True
DL4227,JFK,ORD,2025-06-21 13:00:00,2025-06-21 14:13:00,B10,scheduled,6,73.0,False
AL1289,JFK,ORD,2025-07-14 20:38:00,2025-07-14 21:49:00,B15,scheduled,6,71.0,False
AL2460,ORD,SEA,2025-07-13 01:04:00,2025-07-13 03:19:00,B13,scheduled,5,135.0,True
UA3283,ORD,ATL,2025-06-28 06:09:00,2025-06-28 09:46:00,B5,cancelled,4,217.0,False
UA5282,BOS,ORD,2025-07-13 22:44:00,2025-07-14 02:09:00,B19,scheduled,4,205.0,False
DL3729,SFO,ORD,2025-06-18 10:16:00,2025-06-18 12:36:00,B5,scheduled,5,140.0,False
UA1352,DFW,ORD,2025-07-12 17:18:00,2025-07-12 19:08:00,B7,scheduled,6,110.0,False
AA6600,ORD,MIA,2025-07-11 00:21:00,2025-07-11 03:31:00,B9,scheduled,6,190.0,False
DL9379,MIA,ORD,2025-07-08 12:23:00,2025-07-08 14:03:00,B19,delayed,4,100.0,False
UA762,BOS,ORD,2025-07-10 05:06:00,2025-07-10 10:06:00,B2,delayed,5,300.0,False
AL4700,ORD,DFW,2025-06-21 17:12:00,2025-06-21 20:23:00,B13,scheduled,7,191.0,True
UA9963,ATL,ORD,2025-06-26 17:09:00,2025-06-26 18:49:00,B3,scheduled,6,100.0,False
JB742,BOS,ORD,2025-06-24 08:09:00,2025-06-24 11:50:00,B11,scheduled,5,221.0,False
UA3049,BOS,ORD,2025-06-20 18:04:00,2025-06-20 19:46:00,B18,cancelled,7,102.0,False
SW9944,SEA,ORD,2025-06-28 04:36:00,2025-06-28 09:08:00,B8,cancelled,5,272.0,False
JB4433,ORD,ATL,2025-07-16 13:42:00,2025-07-16 17:30:00,B3,scheduled,5,228.0,False
JB1227,ORD,SFO,2025-07-08 20:18:00,2025-07-08 23:50:00,B19,scheduled,4,212.0,False
AA7169,SEA,ORD,2025-07-15 16:09:00,2025-07-15 19:27:00,B17,scheduled,6,198.0,False
SW4257,ORD,SFO,2025-07-13 15:40:00,2025-07-13 19:02:00,B18,scheduled,4,202.0,False
AA2481,ORD,SEA,2025-07-17 03:32:00,2025-07-17 04:33:00,B11,scheduled,7,61.0,True
DL8589,ORD,MIA,2025-07-08 04:28:00,2025-07-08 05:30:00,B6,scheduled,4,62.0,False
DL3947,ORD,DFW,2025-07-10 22:02:00,2025-07-11 02:10:00,B18,cancelled,7,248.0,True
AL8590,SFO,ORD,2025-07-09 00:22:00,2025-07-09 01:52:00,B19,scheduled,4,90.0,False
UA7822,ORD,BOS,2025-06-30 04:06:00,2025-06-30 06:06:00,B4,scheduled,6,120.0,True
JB3844,SEA,ORD,2025-07-14 05:07:00,2025-07-14 06:40:00,B3,scheduled,6,93.0,False
AA2993,ATL,ORD,2025-06-25 00:20:00,2025-06-25 03:21:00,B5,delayed,4,181.0,False
AL8463,ORD,DEN,2025-07-04 08:52:00,2025-07-04 11:15:00,B2,scheduled,7,143.0,True
UA7011,SEA,ORD,2025-06-25 20:02:00,2025-06-25 23:45:00,B19,scheduled,4,223.0,False
AA1145,ATL,ORD,2025-07-06 06:40:00,2025-07-06 08:06:00,B6,scheduled,7,86.0,False
DL1481,LAX,ORD,2025-06-30 03:40:00,2025-06-30 07:18:00,B16,scheduled,4,218.0,False
DL568,SEA,ORD,2025-06-24 04:23:00,2025-06-24 07:37:00,B19,scheduled,6,194.0,False
AL9340,ORD,MIA,2025-07-16 22:16:00,2025-07-17 02:27:00,B19,scheduled,4,251.0,False
AL7560,ORD,ATL,2025-07-01 09:18:00,2025-07-01 10:46:00,B19,scheduled,4,88.0,False
SW306,ORD,DFW,2025-06-29 14:09:00,2025-06-29 18:38:00,B4,scheduled,5,269.0,True
AA4250,ORD,JFK,2025-07-13 05:17:00,2025-07-13 08:30:00,B4,scheduled,6,193.0,True
SW4082,ORD,DEN,2025-07-14 19:38:00,2025-07-14 21:08:00,B17,scheduled,7,90.0,True
AA4175,BOS,ORD,2025-07-05 02:39:00,2025-07-05 06:56:00,B10,scheduled,5,257.0,False
JB5644,ORD,MIA,2025-06-22 08:50:00,2025-06-22 12:45:00,B9,scheduled,4,235.0,False
AA8051,DEN,ORD,2025-06-29 14:49:00,2025-06-29 19:39:00,B19,delayed,6,290.0,False
UA7774,ATL,ORD,2025-07-12 22:46:00,2025-07-13 01:15:00,B6,scheduled,6,149.0,False
UA6814,MIA,ORD,2025-07-16 02:36:00,2025-07-16 04:48:00,B12,cancelled,5,132.0,False
JB6902,ATL,ORD,2025-07-13 14:56:00,2025-07-13 19:07:00,B13,delayed,6,251.0,False
SW5872,DEN,ORD,2025-07-12 12:09:00,2025-07-12 15:42:00,B11,scheduled,4,213.0,False
UA2657,ORD,LAX,2025-06-19 22:13:00,2025-06-20 01:10:00,B13,scheduled,5,177.0,False
JB4193,ORD,DEN,2025-07-04 21:57:00,2025-07-05 02:44:00,B16,scheduled,4,287.0,True
AA9852,ORD,MIA,2025-07-14 10:23:00,2025-07-14 14:52:00,B6,cancelled,6,269.0,False
AL3717,BOS,ORD,2025-07-03 01:59:00,2025-07-03 05:07:00,B1,scheduled,6,188.0,False
JB9524,ORD,JFK,2025-07-06 02:07:00,2025-07-06 05:01:00,B14,scheduled,6,174.0,True
SW9462,ORD,ATL,2025-07-03 12:11:00,2025-07-03 13:32:00,B18,scheduled,4,81.0,False
DL3371,BOS,ORD,2025-07-08 06:06:00,2025-07-08 07:17:00,B8,scheduled,5,71.0,False
AL993,DEN,ORD,2025-06-22 02:43:00,2025-06-22 04:11:00,B11,cancelled,4,88.0,False
UA1923,ATL,ORD,2025-07-01 07:13:00,2025-07-01 08:16:00,B2,cancelled,7,63.0,False
UA6001,JFK,ORD,2025-07-05 21:30:00,2025-07-06 01:19:00,B7,cancelled,7,229.0,False
JB8969,ORD,DFW,2025-07-17 21:40:00,2025-07-17 23:15:00,B5,scheduled,5,95.0,True
AL8682,ATL,ORD,2025-07-02 06:30:00,2025-07-02 10:26:00,B7,delayed,6,236.0,False
JB2689,ORD,SEA,2025-06-24 19:32:00,2025-06-24 23:19:00,B18,scheduled,7,227.0,True
AA5321,ORD,SFO,2025-06-24 19:56:00,2025-06-25 00:02:00,B17,scheduled,5,246.0,False
DL529,ORD,DFW,2025-06-23 01:37:00,2025-06-23 03:10:00,B19,delayed,6,93.0,True
SW2353,DEN,ORD,2025-07-05 20:12:00,2025-07-05 23:17:00,B12,delayed,4,185.0,False
SW345,ORD,DFW,2025-06-28 12:09:00,2025-06-28 13:17:00,B9,scheduled,6,68.0,True
AA8570,ORD,SEA,2025-07-01 14:35:00,2025-07-01 18:11:00,B13,cancelled,7,216.0,True
AA8302,ORD,MIA,2025-07-17 14:42:00,2025-07-17 17:37:00,B5,cancelled,7,175.0,False
SW508,ORD,SEA,2025-07-07 00:43:00,2025-07-07 03:05:00,B5,scheduled,4,142.0,True
AL3408,ORD,MIA,2025-07-15 01:46:00,2025-07-15 06:35:00,B11,scheduled,5,289.0,False
SW6046,LAX,ORD,2025-06-23 09:41:00,2025-06-23 13:41:00,B8,scheduled,6,240.0,False
DL3030,BOS,ORD,2025-06-25 14:04:00,2025-06-25 18:46:00,B7,scheduled,5,282.0,False
DL3423,DFW,ORD,2025-06-23 13:24:00,2025-06-23 18:14:00,B2,scheduled,7,290.0,False
AL8254,ORD,MIA,2025-07-11 20:39:00,2025-07-12 00:45:00,B2,scheduled,7,246.0,False
AL4859,SEA,ORD,2025-07-15 22:38:00,2025-07-16 00:37:00,B3,scheduled,4,119.0,False
UA7677,ORD,MIA,2025-07-12 15:30:00,2025-07-12 20:19:00,B9,scheduled,6,289.0,False
UA618,ORD,LAX,2025-07-02 05:43:00,2025-07-02 09:43:00,B17,cancelled,7,240.0,False
SW8679,ORD,DFW,2025-07-03 16:29:00,2025-07-03 21:25:00,B8,scheduled,4,296.0,True
SW8658,ORD,DFW,2025-06-19 20:55:00,2025-06-19 23:52:00,B11,scheduled,7,177.0,True
DL2906,DFW,ORD,2025-07-01 02:24:00,2025-07-01 05:50:00,B17,scheduled,5,206.0,False
UA5544,ORD,MIA,2025-07-16 06:10:00,2025-07-16 08:41:00,B14,scheduled,5,151.0,False
SW5185,ORD,LAX,2025-07-09 12:28:00,2025-07-09 13:52:00,B18,delayed,4,84.0,False
SW1852,DEN,ORD,2025-07-11 07:48:00,2025-07-11 09:14:00,B8,scheduled,4,86.0,False
AA5682,MIA,ORD,2025-07-10 03:52:00,2025-07-10 06:30:00,B6,delayed,5,158.0,False
AL9507,ATL,ORD,2025-06-21 18:04:00,2025-06-21 22:13:00,B3,delayed,4,249.0,False
SW5464,LAX,ORD,2025-07-15 08:26:00,2025-07-15 12:43:00,B9,scheduled,5,257.0,False
JB6401,ORD,MIA,2025-06-24 12:54:00,2025-06-24 14:42:00,B14,scheduled,5,108.0,False
AA2459,ORD,JFK,2025-06-21 11:21:00,2025-06-21 15:06:00,B16,scheduled,7,225.0,True
JB8261,ORD,SEA,2025-07-15 17:21:00,2025-07-15 18:22:00,B15,scheduled,4,61.0,True
UA9335,ORD,JFK,2025-07-15 09:46:00,2025-07-15 13:57:00,B9,delayed,6,251.0,True
DL4380,ORD,MIA,2025-07-05 00:53:00,2025-07-05 05:19:00,B6,scheduled,6,266.0,False
UA7174,JFK,ORD,2025-07-12 09:18:00,2025-07-12 13:01:00,B9,scheduled,5,223.0,False
JB3652,JFK,ORD,2025-06-20 19:07:00,2025-06-21 00:07:00,B3,scheduled,7,300.0,False
DL4250,SFO,ORD,2025-06-23 06:04:00,2025-06-23 10:02:00,B19,scheduled,5,238.0,False
SW3387,DFW,ORD,2025-07-08 06:13:00,2025-07-08 07:30:00,B11,scheduled,4,77.0,False
JB1840,ORD,BOS,2025-07-07 20:02:00,2025-07-07 21:57:00,B2,scheduled,5,115.0,True
SW3229,ATL,ORD,2025-07-13 10:38:00,2025-07-13 11:48:00,B8,scheduled,7,70.0,False
AL9814,ORD,JFK,2025-06-26 23:54:00,2025-06-27 01:00:00,B6,scheduled,5,66.0,True
AA1970,SEA,ORD,2025-07-15 02:34:00,2025-07-15 03:50:00,B5,cancelled,4,76.0,False
DL846,MIA,ORD,2025-07-02 20:15:00,2025-07-03 00:49:00,B18,delayed,4,274.0,False
AA4587,BOS,ORD,2025-07-03 11:27:00,2025-07-03 12:43:00,B1,scheduled,7,76.0,False
UA9167,ORD,SEA,2025-06-25 20:33:00,2025-06-26 00:31:00,B1,scheduled,4,238.0,True
JB766,ORD,MIA,2025-06-29 07:07:00,2025-06-29 12:03:00,B8,delayed,5,296.0,False
SW2684,ORD,LAX,2025-07-16 23:31:00,2025-07-17 03:07:00,B16,cancelled,5,216.0,False
JB7479,ATL,ORD,2025-07-17 07:51:00,2025-07-17 10:00:00,B4,delayed,6,129.0,False
AA5034,BOS,ORD,2025-07-10 23:00:00,2025-07-11 02:36:00,B10,delayed,7,216.0,False
AA985,SEA,ORD,2025-06-25 11:30:00,2025-06-25 15:21:00,B7,scheduled,5,231.0,False
AA8047,MIA,ORD,2025-06-25 09:37:00,2025-06-25 13:58:00,B6,cancelled,5,261.0,False
JB1077,DEN,ORD,2025-06-19 16:03:00,2025-06-19 20:00:00,B13,scheduled,4,237.0,False
SW7613,DFW,ORD,2025-06-23 06:21:00,2025-06-23 10:59:00,B5,scheduled,6,278.0,False
UA9989,SFO,ORD,2025-07-03 20:16:00,2025-07-03 22:12:00,B10,delayed,7,116.0,False
DL1516,ORD,ATL,2025-07-14 12:27:00,2025-07-14 15:48:00,B8,scheduled,6,201.0,False
AA6944,BOS,ORD,2025-07-14 07:38:00,2025-07-14 12:27:00,B19,scheduled,5,289.0,False
AL122,ORD,SFO,2025-07-16 17:38:00,2025-07-16 20:36:00,B13,cancelled,7,178.0,False
SW769,JFK,ORD,2025-07-05 15:17:00,2025-07-05 17:50:00,B6,scheduled,5,153.0,False
DL4621,ORD,DEN,2025-06-21 17:02:00,2025-06-21 18:29:00,B17,cancelled,4,87.0,True
UA3815,BOS,ORD,2025-07-02 03:46:00,2025-07-02 05:29:00,B4,scheduled,6,103.0,False
UA9513,ORD,DFW,2025-06-23 12:42:00,2025-06-23 13:52:00,B15,scheduled,7,70.0,True
DL3461,ORD,MIA,2025-06-30 01:26:00,2025-06-30 04:00:00,B15,scheduled,6,154.0,False
JB8413,DEN,ORD,2025-06-18 09:41:00,2025-06-18 13:50:00,B18,scheduled,5,249.0,False
AA7947,ORD,MIA,2025-07-03 14:56:00,2025-07-03 18:52:00,B12,cancelled,4,236.0,False
SW6208,SFO,ORD,2025-07-07 16:05:00,2025-07-07 18:39:00,B18,scheduled,5,154.0,False
AA2453,SFO,ORD,2025-07-14 22:21:00,2025-07-15 01:54:00,B17,scheduled,5,213.0,False
AL9404,SFO,ORD,2025-07-13 12:05:00,2025-07-13 15:03:00,B4,delayed,6,178.0,False
SW4842,ORD,DFW,2025-06-26 16:10:00,2025-06-26 20:43:00,B11,scheduled,7,273.0,True
AA9912,JFK,ORD,2025-06-30 19:47:00,2025-06-30 22:53:00,B9,cancelled,4,186.0,False
DL5337,DFW,ORD,2025-07-14 16:19:00,2025-07-14 17:33:00,B12,scheduled,5,74.0,False
AA4567,SEA,ORD,2025-07-04 11:21:00,2025-07-04 13:02:00,B16,scheduled,4,101.0,False
DL9008,ATL,ORD,2025-06-22 12:13:00,2025-06-22 15:46:00,B5,scheduled,4,213.0,False
SW6850,ORD,BOS,2025-07-01 00:22:00,2025-07-01 02:57:00,B7,scheduled,7,155.0,True
DL8347,DEN,ORD,2025-06-22 20:52:00,2025-06-22 22:47:00,B2,delayed,7,115.0,False
JB8670,DEN,ORD,2025-07-08 07:42:00,2025-07-08 12:29:00,B4,scheduled,6,287.0,False
AL2043,DEN,ORD,2025-07-02 01:47:00,2025-07-02 02:54:00,B8,cancelled,7,67.0,False
DL5136,ATL,ORD,2025-06-24 16:29:00,2025-06-24 20:25:00,B13,scheduled,7,236.0,False
SW1930,ORD,DFW,2025-06-24 03:13:00,2025-06-24 04:33:00,B17,scheduled,5,80.0,True
JB7877,JFK,ORD,2025-06-27 22:45:00,2025-06-28 03:40:00,B1,scheduled,6,295.0,False
AA3063,DEN,ORD,2025-07-08 05:13:00,2025-07-08 09:05:00,B10,delayed,7,232.0,False
UA4823,MIA,ORD,2025-07-10 18:33:00,2025-07-10 22:48:00,B18,scheduled,4,255.0,False
AA6594,ORD,JFK,2025-07-10 14:00:00,2025-07-10 17:52:00,B11,scheduled,4,232.0,True
JB1766,ORD,SEA,2025-07-06 10:35:00,2025-07-06 14:32:00,B13,scheduled,4,237.0,True
UA3381,ORD,LAX,2025-07-04 18:16:00,2025-07-04 20:06:00,B13,scheduled,5,110.0,False
AL965,ATL,ORD,2025-06-19 13:27:00,2025-06-19 14:52:00,B13,delayed,7,85.0,False
AA1353,ORD,DEN,2025-07-16 12:21:00,2025-07-16 16:00:00,B19,scheduled,6,219.0,True
UA2881,LAX,ORD,2025-07-02 02:02:00,2025-07-02 03:31:00,B10,delayed,7,89.0,False
DL8242,ORD,DEN,2025-07-04 17:51:00,2025-07-04 20:42:00,B14,scheduled,4,171.0,True
AL5019,ORD,DFW,2025-06-25 01:21:00,2025-06-25 05:32:00,B10,delayed,5,251.0,True
AA4333,ATL,ORD,2025-06-30 14:52:00,2025-06-30 16:26:00,B12,delayed,4,94.0,False
JB8296,SFO,ORD,2025-06-28 22:49:00,2025-06-29 00:17:00,B17,delayed,6,88.0,False
UA7300,ORD,LAX,2025-06-26 04:18:00,2025-06-26 06:12:00,B4,scheduled,4,114.0,False
UA6995,ORD,DEN,2025-07-11 06:03:00,2025-07-11 07:19:00,B5,scheduled,7,76.0,True
SW2287,ORD,SEA,2025-07-02 17:52:00,2025-07-02 20:47:00,B12,scheduled,6,175.0,True
UA4716,DFW,ORD,2025-07-15 04:44:00,2025-07-15 09:15:00,B17,delayed,4,271.0,False
JB2022,ORD,LAX,2025-07-04 22:52:00,2025-07-05 00:35:00,B9,scheduled,5,103.0,False
DL7488,ORD,JFK,2025-07-01 09:58:00,2025-07-01 12:05:00,B19,scheduled,6,127.0,True
AA5553,LAX,ORD,2025-07-13 13:23:00,2025-07-13 14:38:00,B6,scheduled,7,75.0,False
JB8174,BOS,ORD,2025-06-30 01:18:00,2025-06-30 03:01:00,B11,scheduled,4,103.0,False
UA823,SFO,ORD,2025-06-30 01:25:00,2025-06-30 02:54:00,B15,scheduled,6,89.0,False
UA7146,ORD,MIA,2025-06-30 23:55:00,2025-07-01 04:06:00,B19,cancelled,4,251.0,False
SW971,ORD,BOS,2025-07-18 03:04:00,2025-07-18 06:46:00,B1,delayed,7,222.0,True
DL687,ATL,ORD,2025-06-20 16:36:00,2025-06-20 18:34:00,B18,scheduled,5,118.0,False
AL9695,ORD,BOS,2025-06-30 14:57:00,2025-06-30 18:21:00,B3,delayed,4,204.0,True
AL7961,ORD,JFK,2025-06-21 21:32:00,2025-06-22 00:29:00,B13,scheduled,4,177.0,True
AL4735,ORD,DFW,2025-06-20 10:10:00,2025-06-20 14:35:00,B15,scheduled,5,265.0,True
SW7183,DFW,ORD,2025-06-23 16:43:00,2025-06-23 18:59:00,B5,scheduled,7,136.0,False
AA6120,DFW,ORD,2025-07-04 13:10:00,2025-07-04 17:00:00,B6,scheduled,6,230.0,False
SW1622,BOS,ORD,2025-07-07 23:09:00,2025-07-08 02:50:00,B19,cancelled,7,221.0,False
AL8696,ORD,MIA,2025-07-12 04:55:00,2025-07-12 08:36:00,B4,delayed,7,221.0,False
UA4173,DFW,ORD,2025-06-24 00:34:00,2025-06-24 04:29:00,B12,scheduled,5,235.0,False
DL6538,JFK,ORD,2025-07-09 06:35:00,2025-07-09 08:20:00,B19,scheduled,7,105.0,False
AL4976,JFK,ORD,2025-07-07 03:39:00,2025-07-07 08:23:00,B16,delayed,6,284.0,False
AL9996,ORD,DFW,2025-06-26 15:09:00,2025-06-26 16:29:00,B14,delayed,5,80.0,True
AA360,ORD,ATL,2025-06-18 20:09:00,2025-06-18 21:57:00,B2,cancelled,6,108.0,False
DL7395,JFK,ORD,2025-06-25 18:25:00,2025-06-25 23:16:00,B15,scheduled,4,291.0,False
AL6002,ORD,DEN,2025-07-05 23:23:00,2025-07-06 02:09:00,B1,scheduled,6,166.0,True
UA1512,SEA,ORD,2025-07-16 12:13:00,2025-07-16 14:06:00,B14,scheduled,4,113.0,False
DL8163,SEA,ORD,2025-06-26 02:16:00,2025-06-26 04:07:00,B18,delayed,6,111.0,False
AA5633,ORD,ATL,2025-07-11 02:55:00,2025-07-11 04:03:00,B16,scheduled,5,68.0,False
AA9315,LAX,ORD,2025-07-15 23:54:00,2025-07-16 03:30:00,B10,scheduled,5,216.0,False
DL7294,DEN,ORD,2025-06-23 19:19:00,2025-06-23 23:56:00,B3,scheduled,6,277.0,False
SW2792,LAX,ORD,2025-07-03 14:31:00,2025-07-03 16:51:00,B18,cancelled,4,140.0,False
AL3460,BOS,ORD,2025-07-06 14:12:00,2025-07-06 17:06:00,B8,scheduled,7,174.0,False
UA3601,SFO,ORD,2025-07-11 21:29:00,2025-07-12 00:47:00,B4,scheduled,7,198.0,False
JB9807,ORD,JFK,2025-06-19 11:27:00,2025-06-19 16:14:00,B14,delayed,4,287.0,True
DL1824,ORD,SEA,2025-07-11 20:36:00,2025-07-12 00:44:00,B3,scheduled,4,248.0,True
DL8042,SFO,ORD,2025-06-24 18:39:00,2025-06-24 21:48:00,B13,cancelled,4,189.0,False
JB2034,SEA,ORD,2025-07-11 13:32:00,2025-07-11 18:12:00,B2,cancelled,6,280.0,False
UA5068,ORD,LAX,2025-07-05 02:44:00,2025-07-05 05:02:00,B11,scheduled,6,138.0,False
AA9070,ATL,ORD,2025-07-10 10:53:00,2025-07-10 11:53:00,B10,scheduled,7,60.0,False
AL7651,BOS,ORD,2025-06-24 12:18:00,2025-06-24 15:27:00,B7,scheduled,5,189.0,False
AL5160,ORD,JFK,2025-07-14 05:46:00,2025-07-14 09:27:00,B8,delayed,7,221.0,True
DL4118,MIA,ORD,2025-06-19 01:43:00,2025-06-19 03:53:00,B2,scheduled,6,130.0,False
JB5299,SFO,ORD,2025-07-07 02:13:00,2025-07-07 03:19:00,B14,scheduled,4,66.0,False
UA1568,ORD,DEN,2025-06-24 18:19:00,2025-06-24 20:05:00,B12,cancelled,5,106.0,True
DL1065,ORD,DEN,2025-07-06 17:51:00,2025-07-06 21:44:00,B11,scheduled,6,233.0,True
DL4116,ATL,ORD,2025-07-05 04:44:00,2025-07-05 08:02:00,B13,scheduled,6,198.0,False
AA256,ORD,JFK,2025-07-15 21:57:00,2025-07-16 00:58:00,B9,scheduled,5,181.0,True
AL8111,ORD,SEA,2025-07-13 12:04:00,2025-07-13 16:53:00,B7,scheduled,6,289.0,True
DL1165,BOS,ORD,2025-06-21 04:23:00,2025-06-21 07:53:00,B18,delayed,6,210.0,False
DL8670,ORD,DEN,2025-07-14 03:29:00,2025-07-14 08:08:00,B18,scheduled,4,279.0,True
AA6283,LAX,ORD,2025-06-20 23:17:00,2025-06-21 04:11:00,B17,delayed,5,294.0,False
AA1091,ORD,DFW,2025-06-24 11:22:00,2025-06-24 15:46:00,B8,cancelled,6,264.0,True
JB5961,ORD,DEN,2025-07-14 19:27:00,2025-07-14 22:18:00,B12,scheduled,7,171.0,True
JB9266,BOS,ORD,2025-06-20 19:36:00,2025-06-20 21:36:00,B5,scheduled,5,120.0,False
JB1987,JFK,ORD,2025-07-04 11:54:00,2025-07-04 13:01:00,B6,scheduled,6,67.0,False
AL9695,ORD,DEN,2025-07-08 06:02:00,2025-07-08 07:51:00,B10,scheduled,4,109.0,True
DL5667,ORD,DFW,2025-06-30 03:10:00,2025-06-30 07:14:00,B15,scheduled,6,244.0,True
AA2300,ORD,SFO,2025-06-29 19:00:00,2025-06-29 22:20:00,B16,scheduled,7,200.0,False
UA4717,ORD,BOS,2025-06-30 02:13:00,2025-06-30 03:15:00,B17,scheduled,6,62.0,True
AA9985,ORD,LAX,2025-07-13 08:55:00,2025-07-13 10:40:00,B12,scheduled,7,105.0,False
DL1914,ORD,SFO,2025-07-06 21:46:00,2025-07-07 00:26:00,B16,scheduled,4,160.0,False
AL1226,ORD,BOS,2025-07-07 06:01:00,2025-07-07 09:03:00,B14,scheduled,6,182.0,True
DL7179,SFO,ORD,2025-07-07 02:20:00,2025-07-07 04:23:00,B7,scheduled,5,123.0,False
SW1217,ORD,SFO,2025-07-09 08:04:00,2025-07-09 11:08:00,B4,scheduled,4,184.0,False
DL2894,ORD,MIA,2025-06-30 21:53:00,2025-07-01 02:28:00,B4,delayed,5,275.0,False
AA8859,JFK,ORD,2025-06-26 06:35:00,2025-06-26 08:50:00,B15,scheduled,4,135.0,False
AA4576,SFO,ORD,2025-06-21 17:44:00,2025-06-21 21:35:00,B8,scheduled,6,231.0,False
DL664,ORD,MIA,2025-07-04 12:07:00,2025-07-04 13:52:00,B14,scheduled,7,105.0,False
AL5281,DEN,ORD,2025-06-18 21:22:00,2025-06-19 00:04:00,B11,scheduled,4,162.0,False
UA6466,ORD,DEN,2025-06-22 12:29:00,2025-06-22 16:02:00,B2,scheduled,7,213.0,True
AL5309,ORD,SFO,2025-06-26 04:30:00,2025-06-26 08:12:00,B12,scheduled,6,222.0,False
AA4000,ORD,SEA,2025-06-27 12:14:00,2025-06-27 15:58:00,B10,scheduled,6,224.0,True
AA1158,DEN,ORD,2025-07-08 08:10:00,2025-07-08 11:51:00,B18,scheduled,5,221.0,False
JB9092,ATL,ORD,2025-06-22 09:13:00,2025-06-22 10:57:00,B7,scheduled,5,104.0,False
SW2990,DFW,ORD,2025-06-27 04:45:00,2025-06-27 06:47:00,B9,scheduled,5,122.0,False
SW8378,SFO,ORD,2025-07-09 15:08:00,2025-07-09 18:00:00,B4,scheduled,6,172.0,False
DL4315,MIA,ORD,2025-07-13 08:51:00,2025-07-13 12:57:00,B6,delayed,6,246.0,False
AA8303,ATL,ORD,2025-06-26 20:07:00,2025-06-26 21:08:00,B14,scheduled,4,61.0,False
SW4282,BOS,ORD,2025-06-27 01:08:00,2025-06-27 05:23:00,B10,scheduled,6,255.0,False
AL2514,ORD,DEN,2025-07-15 18:17:00,2025-07-15 21:13:00,B2,scheduled,4,176.0,True
AL6397,JFK,ORD,2025-06-22 09:49:00,2025-06-22 13:33:00,B15,delayed,6,224.0,False
UA8302,ORD,SEA,2025-06-29 17:12:00,2025-06-29 21:09:00,B4,scheduled,4,237.0,True
UA2438,LAX,ORD,2025-07-17 03:52:00,2025-07-17 07:18:00,B15,cancelled,7,206.0,False
AA6945,ORD,MIA,2025-06-18 06:43:00,2025-06-18 08:07:00,B12,scheduled,5,84.0,False
AL2300,ORD,ATL,2025-07-05 06:13:00,2025-07-05 08:00:00,B15,scheduled,6,107.0,False
SW2142,ORD,LAX,2025-07-01 13:10:00,2025-07-01 14:31:00,B15,scheduled,6,81.0,False
AA2725,LAX,ORD,2025-07-08 00:01:00,2025-07-08 04:04:00,B13,delayed,6,243.0,False
DL3536,ORD,MIA,2025-07-10 03:57:00,2025-07-10 06:11:00,B4,scheduled,5,134.0,False
DL959,JFK,ORD,2025-07-04 09:23:00,2025-07-04 12:24:00,B5,scheduled,6,181.0,False
AA4046,ORD,SEA,2025-06-29 08:36:00,2025-06-29 09:44:00,B13,scheduled,5,68.0,True
AL8451,LAX,ORD,2025-07-10 11:21:00,2025-07-10 15:05:00,B2,scheduled,6,224.0,False
JB9145,ORD,DEN,2025-06-28 00:04:00,2025-06-28 01:38:00,B2,scheduled,7,94.0,True
AL4513,ORD,BOS,2025-06-27 11:33:00,2025-06-27 12:51:00,B6,scheduled,4,78.0,True
DL5283,BOS,ORD,2025-07-07 07:24:00,2025-07-07 11:54:00,B2,scheduled,6,270.0,False
SW1820,JFK,ORD,2025-07-05 08:57:00,2025-07-05 10:53:00,B18,scheduled,6,116.0,False
UA8811,ORD,SFO,2025-07-05 22:30:00,2025-07-06 00:16:00,B19,scheduled,5,106.0,False
JB8822,MIA,ORD,2025-07-10 00:54:00,2025-07-10 04:01:00,B1,scheduled,7,187.0,False
DL8516,ATL,ORD,2025-06-21 15:03:00,2025-06-21 17:36:00,B16,scheduled,7,153.0,False
UA1880,SFO,ORD,2025-07-12 14:55:00,2025-07-12 19:22:00,B18,delayed,4,267.0,False
AA2166,ORD,LAX,2025-06-23 02:49:00,2025-06-23 07:11:00,B4,scheduled,6,262.0,False
AL3974,ORD,SFO,2025-07-10 23:08:00,2025-07-11 00:11:00,B15,scheduled,5,63.0,False
AA4417,ORD,DFW,2025-07-01 00:04:00,2025-07-01 04:20:00,B9,scheduled,5,256.0,True
JB2536,MIA,ORD,2025-06-26 19:04:00,2025-06-26 23:42:00,B2,scheduled,6,278.0,False
JB3370,ATL,ORD,2025-07-07 14:38:00,2025-07-07 15:42:00,B7,delayed,6,64.0,False
AL6020,MIA,ORD,2025-07-03 06:46:00,2025-07-03 09:18:00,B19,delayed,7,152.0,False
JB6493,ORD,MIA,2025-07-11 09:16:00,2025-07-11 11:54:00,B8,scheduled,4,158.0,False
AA4179,DFW,ORD,2025-06-30 12:23:00,2025-06-30 17:06:00,B18,scheduled,4,283.0,False
JB4931,DFW,ORD,2025-07-06 19:01:00,2025-07-06 23:50:00,B11,scheduled,7,289.0,False
SW3073,DEN,ORD,2025-07-10 00:12:00,2025-07-10 01:35:00,B10,scheduled,5,83.0,False
JB8136,SEA,ORD,2025-06-26 05:21:00,2025-06-26 07:09:00,B6,scheduled,5,108.0,False
DL3011,ORD,DEN,2025-06-19 03:59:00,2025-06-19 06:18:00,B5,scheduled,6,139.0,True
SW6391,ORD,JFK,2025-07-15 15:57:00,2025-07-15 17:22:00,B14,scheduled,4,85.0,True
AL816,JFK,ORD,2025-06-18 19:48:00,2025-06-19 00:03:00,B17,scheduled,4,255.0,False
DL9924,ORD,DFW,2025-06-22 00:18:00,2025-06-22 02:26:00,B16,cancelled,6,128.0,True
DL4094,ORD,DEN,2025-07-03 07:21:00,2025-07-03 10:23:00,B5,scheduled,4,182.0,True
JB3071,ORD,SEA,2025-07-12 08:25:00,2025-07-12 10:50:00,B4,delayed,6,145.0,True
UA5807,SFO,ORD,2025-07-01 22:23:00,2025-07-02 02:02:00,B14,cancelled,4,219.0,False
AL7938,DEN,ORD,2025-07-05 23:38:00,2025-07-06 02:32:00,B19,scheduled,4,174.0,False
AL4662,LAX,ORD,2025-07-14 12:09:00,2025-07-14 14:58:00,B17,scheduled,5,169.0,False
DL6408,ORD,LAX,2025-07-02 21:51:00,2025-07-02 23:23:00,B7,scheduled,5,92.0,False
AL531,ORD,LAX,2025-06-24 17:16:00,2025-06-24 19:52:00,B3,delayed,6,156.0,False
DL1362,ORD,SFO,2025-06-24 15:18:00,2025-06-24 16:38:00,B11,scheduled,4,80.0,False
SW5626,ORD,BOS,2025-07-01 20:08:00,2025-07-01 23:08:00,B3,delayed,6,180.0,True
UA7050,SFO,ORD,2025-06-20 16:42:00,2025-06-20 21:07:00,B12,scheduled,7,265.0,False
AL8350,ORD,LAX,2025-07-03 06:53:00,2025-07-03 09:37:00,B5,cancelled,7,164.0,False
DL2407,LAX,ORD,2025-06-28 17:56:00,2025-06-28 22:42:00,B18,scheduled,6,286.0,False
JB8673,ORD,BOS,2025-07-11 16:56:00,2025-07-11 21:02:00,B7,scheduled,6,246.0,True
AA4689,DEN,ORD,2025-07-01 15:52:00,2025-07-01 17:33:00,B1,cancelled,6,101.0,False
JB5238,SFO,ORD,2025-07-08 06:30:00,2025-07-08 09:03:00,B9,delayed,6,153.0,False
DL9441,ORD,LAX,2025-07-01 10:28:00,2025-07-01 13:04:00,B15,delayed,5,156.0,False
AA6603,LAX,ORD,2025-06-26 09:54:00,2025-06-26 14:01:00,B8,scheduled,7,247.0,False
UA9409,SEA,ORD,2025-07-17 08:17:00,2025-07-17 10:11:00,B15,scheduled,5,114.0,False
UA2795,JFK,ORD,2025-07-07 17:04:00,2025-07-07 19:31:00,B16,delayed,4,147.0,False
AL9444,ORD,SEA,2025-07-04 08:25:00,2025-07-04 13:18:00,B17,cancelled,4,293.0,True
AL9576,SEA,ORD,2025-07-17 01:49:00,2025-07-17 04:44:00,B14,cancelled,7,175.0,False
DL5803,MIA,ORD,2025-07-15 13:23:00,2025-07-15 15:59:00,B5,scheduled,6,156.0,False
DL7266,ORD,SEA,2025-07-02 16:28:00,2025-07-02 19:40:00,B6,cancelled,7,192.0,True
AA9820,LAX,ORD,2025-06-19 09:00:00,2025-06-19 11:51:00,B13,scheduled,4,171.0,False
JB1390,ORD,JFK,2025-07-16 08:07:00,2025-07-16 12:08:00,B5,scheduled,5,241.0,True
DL9394,ORD,ATL,2025-07-01 19:19:00,2025-07-01 20:21:00,B11,scheduled,7,62.0,False
DL1606,ORD,DEN,2025-06-30 15:55:00,2025-06-30 18:58:00,B14,scheduled,7,183.0,True
AA9662,ORD,DFW,2025-07-01 00:01:00,2025-07-01 02:41:00,B8,cancelled,5,160.0,True
UA9715,SEA,ORD,2025-06-19 17:52:00,2025-06-19 21:02:00,B7,delayed,5,190.0,False
AA3625,SFO,ORD,2025-07-04 11:45:00,2025-07-04 13:47:00,B17,scheduled,4,122.0,False
AL7238,ORD,LAX,2025-07-02 21:38:00,2025-07-03 02:18:00,B11,scheduled,7,280.0,False
AL6143,ATL,ORD,2025-06-22 05:08:00,2025-06-22 06:56:00,B9,delayed,6,108.0,False
SW2064,DFW,ORD,2025-06-24 11:28:00,2025-06-24 14:57:00,B11,scheduled,4,209.0,False
JB6871,ORD,SFO,2025-06-24 22:39:00,2025-06-25 02:51:00,B15,delayed,7,252.0,False
DL315,LAX,ORD,2025-07-10 17:14:00,2025-07-10 18:29:00,B4,scheduled,4,75.0,False
DL5542,ORD,SFO,2025-06-21 08:51:00,2025-06-21 10:33:00,B6,scheduled,6,102.0,False
SW7111,SEA,ORD,2025-06-18 18:54:00,2025-06-18 22:44:00,B18,scheduled,6,230.0,False
AL5599,LAX,ORD,2025-07-02 01:42:00,2025-07-02 06:07:00,B10,scheduled,7,265.0,False
JB9244,SEA,ORD,2025-07-12 00:27:00,2025-07-12 02:41:00,B19,scheduled,4,134.0,False
AA4928,ORD,DEN,2025-07-10 08:44:00,2025-07-10 10:57:00,B11,cancelled,4,133.0,True
AA4864,ORD,DFW,2025-07-07 20:54:00,2025-07-08 00:23:00,B18,scheduled,6,209.0,True
DL6920,BOS,ORD,2025-06-27 06:54:00,2025-06-27 08:58:00,B16,scheduled,6,124.0,False
AL1853,JFK,ORD,2025-06-20 16:44:00,2025-06-20 18:53:00,B2,scheduled,4,129.0,False
JB968,JFK,ORD,2025-07-14 19:33:00,2025-07-14 23:25:00,B3,scheduled,6,232.0,False
DL5029,ORD,DFW,2025-07-17 07:41:00,2025-07-17 12:19:00,B13,delayed,7,278.0,True
JB2083,LAX,ORD,2025-06-18 05:02:00,2025-06-18 06:41:00,B11,scheduled,5,99.0,False
AL4043,ORD,JFK,2025-06-26 14:51:00,2025-06-26 16:27:00,B4,scheduled,4,96.0,True
SW7971,ORD,BOS,2025-07-13 02:07:00,2025-07-13 03:58:00,B10,delayed,5,111.0,True
AA9954,LAX,ORD,2025-07-10 21:43:00,2025-07-10 23:42:00,B8,delayed,4,119.0,False
AL5500,ORD,DFW,2025-07-13 02:33:00,2025-07-13 07:02:00,B2,scheduled,5,269.0,True
DL1993,ORD,SEA,2025-07-07 15:12:00,2025-07-07 18:32:00,B2,delayed,6,200.0,True
SW3058,JFK,ORD,2025-06-20 18:52:00,2025-06-20 20:24:00,B15,cancelled,5,92.0,False
SW2105,DFW,ORD,2025-07-15 19:02:00,2025-07-15 21:43:00,B12,delayed,7,161.0,False
JB3472,LAX,ORD,2025-06-29 14:17:00,2025-06-29 19:17:00,B17,scheduled,6,300.0,False
SW7534,ORD,JFK,2025-06-28 21:47:00,2025-06-29 01:45:00,B8,scheduled,5,238.0,True
AL4595,ORD,JFK,2025-06-30 23:35:00,2025-07-01 03:59:00,B16,scheduled,7,264.0,True
AA7307,DFW,ORD,2025-07-08 09:45:00,2025-07-08 12:43:00,B11,delayed,5,178.0,False
JB912,ATL,ORD,2025-06-24 21:27:00,2025-06-25 02:10:00,B19,cancelled,6,283.0,False
AA3779,ORD,SEA,2025-07-17 18:06:00,2025-07-17 19:26:00,B12,scheduled,6,80.0,True
AA6958,ORD,MIA,2025-06-18 21:56:00,2025-06-18 23:38:00,B17,scheduled,6,102.0,False
SW7019,ORD,BOS,2025-07-12 07:08:00,2025-07-12 12:03:00,B8,scheduled,5,295.0,True
JB4055,DEN,ORD,2025-07-06 12:26:00,2025-07-06 16:24:00,B16,scheduled,5,238.0,False
JB4676,SEA,ORD,2025-07-11 08:36:00,2025-07-11 12:40:00,B6,scheduled,7,244.0,False
AA3895,ORD,DEN,2025-06-30 00:21:00,2025-06-30 03:56:00,B1,cancelled,6,215.0,True
JB8434,DFW,ORD,2025-06-22 13:49:00,2025-06-22 15:41:00,B12,delayed,5,112.0,False
AA8944,ORD,JFK,2025-07-15 10:36:00,2025-07-15 15:27:00,B9,delayed,4,291.0,True
AA2065,MIA,ORD,2025-07-08 20:43:00,2025-07-08 22:58:00,B1,scheduled,7,135.0,False
AL1907,BOS,ORD,2025-07-12 14:28:00,2025-07-12 16:20:00,B2,delayed,7,112.0,False
AA8365,ORD,DEN,2025-06-22 01:45:00,2025-06-22 03:04:00,B13,scheduled,7,79.0,True
DL8125,LAX,ORD,2025-07-13 17:38:00,2025-07-13 19:21:00,B10,delayed,6,103.0,False
DL7269,ORD,BOS,2025-06-23 17:41:00,2025-06-23 19:23:00,B9,scheduled,4,102.0,True
SW251,SEA,ORD,2025-07-13 02:33:00,2025-07-13 05:20:00,B16,scheduled,7,167.0,False
AL3449,ORD,ATL,2025-07-01 09:58:00,2025-07-01 13:11:00,B11,scheduled,5,193.0,False
UA6920,ORD,BOS,2025-07-09 18:35:00,2025-07-09 19:37:00,B2,scheduled,4,62.0,True
AA5209,ORD,ATL,2025-07-09 14:54:00,2025-07-09 16:11:00,B12,scheduled,5,77.0,False
DL4687,BOS,ORD,2025-06-22 21:28:00,2025-06-23 01:35:00,B19,scheduled,6,247.0,False
DL8657,ORD,DEN,2025-07-13 20:40:00,2025-07-13 22:06:00,B4,cancelled,7,86.0,True
SW9283,ORD,DEN,2025-06-24 17:04:00,2025-06-24 21:39:00,B11,scheduled,7,275.0,True
AA1018,ORD,ATL,2025-06-21 23:27:00,2025-06-22 02:14:00,B16,scheduled,5,167.0,False
AL6705,ORD,SFO,2025-07-11 16:58:00,2025-07-11 18:01:00,B17,scheduled,4,63.0,False
AA3141,LAX,ORD,2025-06-26 12:20:00,2025-06-26 16:26:00,B1,cancelled,6,246.0,False
JB5269,DFW,ORD,2025-06-30 21:42:00,2025-06-30 23:17:00,B17,scheduled,7,95.0,False
JB6418,SEA,ORD,2025-06-19 21:07:00,2025-06-20 01:40:00,B14,delayed,7,273.0,False
AL7208,ORD,BOS,2025-07-14 02:11:00,2025-07-14 04:04:00,B4,scheduled,4,113.0,True
JB5391,ORD,MIA,2025-06-24 13:42:00,2025-06-24 16:41:00,B1,scheduled,7,179.0,False
JB3351,ORD,DEN,2025-07-15 08:55:00,2025-07-15 12:53:00,B7,scheduled,7,238.0,True
UA981,BOS,ORD,2025-06-24 02:52:00,2025-06-24 06:41:00,B7,cancelled,5,229.0,False
AL2516,SFO,ORD,2025-07-09 04:05:00,2025-07-09 05:05:00,B19,scheduled,5,60.0,False
AA3124,ATL,ORD,2025-07-01 22:04:00,2025-07-02 00:22:00,B18,cancelled,4,138.0,False
SW2710,ORD,BOS,2025-07-05 05:47:00,2025-07-05 06:48:00,B11,scheduled,6,61.0,True
SW4600,ORD,ATL,2025-07-17 00:19:00,2025-07-17 03:25:00,B2,delayed,6,186.0,False
AL849,DFW,ORD,2025-06-30 19:23:00,2025-06-30 22:31:00,B12,scheduled,6,188.0,False
AA1688,ORD,SEA,2025-07-15 20:08:00,2025-07-16 00:45:00,B15,scheduled,5,277.0,True
SW5867,ORD,ATL,2025-07-06 11:07:00,2025-07-06 14:27:00,B3,cancelled,6,200.0,False
UA154,SEA,ORD,2025-06-26 07:00:00,2025-06-26 09:42:00,B15,scheduled,5,162.0,False
AA9952,ORD,MIA,2025-06-22 08:21:00,2025-06-22 10:55:00,B4,scheduled,4,154.0,False
AA3491,DEN,ORD,2025-07-01 13:00:00,2025-07-01 14:16:00,B10,delayed,5,76.0,False
UA1691,ORD,DFW,2025-07-10 04:07:00,2025-07-10 06:00:00,B9,scheduled,7,113.0,True
UA7887,DFW,ORD,2025-07-14 01:00:00,2025-07-14 04:42:00,B5,delayed,6,222.0,False
AL3834,ORD,DEN,2025-07-05 16:40:00,2025-07-05 18:45:00,B6,delayed,7,125.0,True
UA6292,ORD,BOS,2025-07-02 12:17:00,2025-07-02 15:30:00,B3,scheduled,5,193.0,True
DL8029,SEA,ORD,2025-07-12 02:41:00,2025-07-12 05:44:00,B2,scheduled,6,183.0,False
DL3828,ORD,BOS,2025-07-01 23:41:00,2025-07-02 00:56:00,B5,scheduled,6,75.0,True
SW5091,SEA,ORD,2025-06-26 08:17:00,2025-06-26 09:33:00,B8,delayed,7,76.0,False
DL3593,ORD,DFW,2025-06-23 03:44:00,2025-06-23 07:59:00,B5,cancelled,4,255.0,True
SW2914,DEN,ORD,2025-06-26 22:36:00,2025-06-27 02:52:00,B9,cancelled,4,256.0,False
SW9852,ORD,ATL,2025-07-03 00:43:00,2025-07-03 03:55:00,B8,scheduled,7,192.0,False
AL3413,ORD,MIA,2025-06-30 16:30:00,2025-06-30 17:34:00,B16,delayed,5,64.0,False
UA7959,LAX,ORD,2025-06-29 06:34:00,2025-06-29 08:15:00,B14,delayed,6,101.0,False
UA4622,JFK,ORD,2025-06-20 18:17:00,2025-06-20 22:00:00,B17,scheduled,7,223.0,False
AL6879,SEA,ORD,2025-06-21 13:48:00,2025-06-21 16:11:00,B9,scheduled,6,143.0,False
JB3376,ORD,ATL,2025-07-15 01:13:00,2025-07-15 03:29:00,B16,cancelled,6,136.0,False
UA7404,ORD,LAX,2025-07-02 11:55:00,2025-07-02 16:33:00,B5,scheduled,6,278.0,False
DL7649,ATL,ORD,2025-07-02 19:54:00,2025-07-02 22:53:00,B10,scheduled,5,179.0,False
SW3227,ORD,BOS,2025-06-22 04:49:00,2025-06-22 08:15:00,B5,delayed,5,206.0,True
DL3659,DFW,ORD,2025-07-07 12:25:00,2025-07-07 14:34:00,B12,scheduled,6,129.0,False
JB2093,ORD,BOS,2025-07-14 12:39:00,2025-07-14 16:44:00,B2,scheduled,4,245.0,True
SW5971,ORD,DFW,2025-06-23 16:27:00,2025-06-23 21:27:00,B13,delayed,7,300.0,True
AL7797,ORD,BOS,2025-06-25 07:07:00,2025-06-25 08:42:00,B18,scheduled,6,95.0,True
AA2760,MIA,ORD,2025-06-26 11:22:00,2025-06-26 13:55:00,B17,scheduled,7,153.0,False
UA3748,ORD,ATL,2025-06-22 18:21:00,2025-06-22 19:24:00,B8,scheduled,4,63.0,False
AL1446,MIA,ORD,2025-06-24 16:45:00,2025-06-24 18:42:00,B7,cancelled,7,117.0,False
UA2479,DFW,ORD,2025-07-03 03:12:00,2025-07-03 06:00:00,B1,delayed,4,168.0,False
AA3996,ORD,JFK,2025-06-24 17:08:00,2025-06-24 20:50:00,B19,delayed,6,222.0,True
JB7977,ORD,SEA,2025-07-02 21:17:00,2025-07-02 22:19:00,B4,scheduled,6,62.0,True
SW9093,DEN,ORD,2025-06-29 19:50:00,2025-06-29 22:17:00,B18,scheduled,7,147.0,False
AA2070,ORD,LAX,2025-06-28 13:04:00,2025-06-28 16:01:00,B11,scheduled,4,177.0,False
DL3734,ORD,SEA,2025-07-11 11:02:00,2025-07-11 12:51:00,B3,cancelled,6,109.0,True
DL4661,ORD,BOS,2025-07-15 22:55:00,2025-07-16 01:43:00,B16,scheduled,5,168.0,True
JB5205,JFK,ORD,2025-06-29 15:31:00,2025-06-29 19:32:00,B2,scheduled,7,241.0,False
DL6510,ORD,MIA,2025-06-25 12:02:00,2025-06-25 16:17:00,B15,scheduled,6,255.0,False
DL4172,ORD,SEA,2025-07-06 00:04:00,2025-07-06 03:35:00,B7,scheduled,4,211.0,True
UA771,ORD,LAX,2025-07-03 17:52:00,2025-07-03 22:36:00,B2,scheduled,7,284.0,False
UA3780,BOS,ORD,2025-07-10 09:15:00,2025-07-10 13:29:00,B5,scheduled,4,254.0,False
DL9632,ORD,SFO,2025-06-18 22:23:00,2025-06-18 23:51:00,B5,scheduled,7,88.0,False
AL1344,MIA,ORD,2025-07-06 07:41:00,2025-07-06 11:19:00,B11,delayed,4,218.0,False
UA6600,DFW,ORD,2025-07-03 16:32:00,2025-07-03 19:48:00,B11,scheduled,7,196.0,False
AL4915,ORD,SEA,2025-06-22 22:11:00,2025-06-23 02:47:00,B12,scheduled,6,276.0,True
DL440,ATL,ORD,2025-06-18 18:33:00,2025-06-18 20:48:00,B4,scheduled,6,135.0,False
AA967,ORD,BOS,2025-07-14 22:01:00,2025-07-15 00:21:00,B18,delayed,4,140.0,True
JB3038,SFO,ORD,2025-06-27 01:34:00,2025-06-27 03:37:00,B10,cancelled,5,123.0,False
SW2057,ORD,JFK,2025-07-17 18:19:00,2025-07-17 23:16:00,B7,scheduled,6,297.0,True
AA2634,ORD,BOS,2025-06-28 03:31:00,2025-06-28 05:59:00,B17,scheduled,5,148.0,True
JB735,MIA,ORD,2025-07-08 11:10:00,2025-07-08 12:17:00,B1,scheduled,5,67.0,False
DL1733,DEN,ORD,2025-07-15 01:33:00,2025-07-15 04:45:00,B13,scheduled,7,192.0,False
JB4330,ORD,ATL,2025-07-15 10:59:00,2025-07-15 13:02:00,B7,scheduled,4,123.0,False
SW1189,LAX,ORD,2025-06-23 10:54:00,2025-06-23 12:34:00,B4,scheduled,6,100.0,False
AL4302,ORD,BOS,2025-07-03 02:35:00,2025-07-03 04:17:00,B1,delayed,4,102.0,True
AL1204,SFO,ORD,2025-06-22 00:19:00,2025-06-22 04:34:00,B2,scheduled,7,255.0,False
DL1024,DFW,ORD,2025-07-04 03:25:00,2025-07-04 06:23:00,B18,scheduled,4,178.0,False
UA7290,ATL,ORD,2025-07-16 18:05:00,2025-07-16 19:54:00,B14,scheduled,4,109.0,False
AL2956,ATL,ORD,2025-07-01 06:19:00,2025-07-01 10:02:00,B7,scheduled,6,223.0,False
AL9330,SFO,ORD,2025-06-30 15:32:00,2025-06-30 19:42:00,B5,scheduled,6,250.0,False
DL2568,ORD,SEA,2025-07-14 09:07:00,2025-07-14 13:27:00,B4,cancelled,7,260.0,True
AA242,JFK,ORD,2025-06-21 04:23:00,2025-06-21 05:44:00,B6,scheduled,4,81.0,False
AA6046,ORD,DFW,2025-07-02 04:56:00,2025-07-02 09:31:00,B9,scheduled,6,275.0,True
AA9305,DEN,ORD,2025-07-01 09:28:00,2025-07-01 11:45:00,B16,scheduled,4,137.0,False
AA8821,ORD,ATL,2025-06-25 15:19:00,2025-06-25 18:05:00,B7,scheduled,4,166.0,False
AL3329,SFO,ORD,2025-06-23 06:12:00,2025-06-23 11:11:00,B14,scheduled,7,299.0,False
DL5123,DEN,ORD,2025-06-20 13:48:00,2025-06-20 17:34:00,B6,delayed,5,226.0,False
UA1833,ORD,MIA,2025-07-16 22:13:00,2025-07-17 02:56:00,B10,scheduled,4,283.0,False
SW9804,ORD,SFO,2025-06-28 13:43:00,2025-06-28 15:24:00,B14,scheduled,5,101.0,False
AL1089,JFK,ORD,2025-07-10 16:29:00,2025-07-10 18:57:00,B6,scheduled,6,148.0,False
UA1179,JFK,ORD,2025-07-02 16:46:00,2025-07-02 20:16:00,B2,scheduled,7,210.0,False
AA7216,SFO,ORD,2025-07-06 09:16:00,2025-07-06 11:49:00,B15,scheduled,4,153.0,False
DL1653,ORD,ATL,2025-07-15 04:38:00,2025-07-15 06:25:00,B10,scheduled,5,107.0,False
UA6217,BOS,ORD,2025-07-12 07:30:00,2025-07-12 09:42:00,B12,delayed,5,132.0,False
AA390,ORD,SFO,2025-07-13 22:29:00,2025-07-14 01:30:00,B4,scheduled,4,181.0,False
DL9813,ORD,SFO,2025-07-17 00:03:00,2025-07-17 03:29:00,B19,delayed,6,206.0,False
SW7680,ORD,SFO,2025-06-21 21:48:00,2025-06-22 01:03:00,B7,scheduled,7,195.0,False
AA7861,DFW,ORD,2025-07-04 18:20:00,2025-07-04 22:57:00,B14,scheduled,5,277.0,False
UA1865,MIA,ORD,2025-07-15 05:38:00,2025-07-15 08:31:00,B9,scheduled,6,173.0,False
UA377,DFW,ORD,2025-07-14 21:35:00,2025-07-14 23:07:00,B1,scheduled,6,92.0,False
AA7214,ORD,SFO,2025-07-05 06:37:00,2025-07-05 09:57:00,B8,cancelled,7,200.0,False
DL3950,ORD,ATL,2025-06-22 20:41:00,2025-06-22 23:54:00,B6,scheduled,7,193.0,False
SW6584,ORD,BOS,2025-07-02 17:56:00,2025-07-02 20:18:00,B12,scheduled,5,142.0,True
AL4710,ATL,ORD,2025-07-12 14:42:00,2025-07-12 15:43:00,B15,scheduled,7,61.0,False
JB4775,ORD,MIA,2025-07-10 01:28:00,2025-07-10 04:51:00,B9,scheduled,7,203.0,False
UA7586,JFK,ORD,2025-07-01 22:55:00,2025-07-02 00:31:00,B9,scheduled,5,96.0,False
AA3947,SEA,ORD,2025-06-18 20:40:00,2025-06-18 22:08:00,B18,scheduled,7,88.0,False
AA1132,SFO,ORD,2025-06-18 19:29:00,2025-06-18 22:56:00,B10,cancelled,7,207.0,False
UA7759,SFO,ORD,2025-07-14 14:44:00,2025-07-14 17:26:00,B19,delayed,5,162.0,False
UA7744,DFW,ORD,2025-07-03 08:30:00,2025-07-03 13:26:00,B2,scheduled,5,296.0,False
JB2712,MIA,ORD,2025-07-15 11:02:00,2025-07-15 13:29:00,B1,delayed,7,147.0,False
AL6593,BOS,ORD,2025-06-27 13:48:00,2025-06-27 18:19:00,B14,cancelled,6,271.0,False
AA5432,ORD,DFW,2025-07-03 10:47:00,2025-07-03 13:52:00,B8,scheduled,5,185.0,True
AA8365,SEA,ORD,2025-06-26 18:42:00,2025-06-26 22:45:00,B18,delayed,5,243.0,False
AA8325,ORD,JFK,2025-07-11 06:00:00,2025-07-11 08:53:00,B2,scheduled,4,173.0,True
JB6459,ORD,MIA,2025-06-30 17:05:00,2025-06-30 21:03:00,B5,scheduled,4,238.0,False
DL752,SEA,ORD,2025-07-08 18:24:00,2025-07-08 20:39:00,B11,cancelled,5,135.0,False
UA3092,SFO,ORD,2025-07-05 08:28:00,2025-07-05 09:39:00,B1,scheduled,7,71.0,False
UA1082,DFW,ORD,2025-07-05 23:45:00,2025-07-06 00:47:00,B11,delayed,5,62.0,False
JB1289,MIA,ORD,2025-06-21 07:16:00,2025-06-21 10:18:00,B6,scheduled,6,182.0,False
SW6026,BOS,ORD,2025-06-29 10:51:00,2025-06-29 14:31:00,B8,delayed,6,220.0,False
SW4701,ORD,JFK,2025-07-05 00:36:00,2025-07-05 02:47:00,B8,scheduled,5,131.0,True
AA8122,MIA,ORD,2025-07-09 13:37:00,2025-07-09 16:03:00,B8,delayed,4,146.0,False
AL6022,ATL,ORD,2025-07-01 15:14:00,2025-07-01 17:02:00,B3,cancelled,6,108.0,False
AL4875,MIA,ORD,2025-06-23 13:01:00,2025-06-23 17:06:00,B12,scheduled,7,245.0,False
SW8035,ORD,MIA,2025-07-05 06:35:00,2025-07-05 08:37:00,B8,scheduled,6,122.0,False
JB8869,JFK,ORD,2025-06-30 19:56:00,2025-06-30 21:23:00,B7,delayed,5,87.0,False
AL7034,DFW,ORD,2025-06-22 13:44:00,2025-06-22 18:40:00,B11,scheduled,5,296.0,False
AA4012,ORD,DFW,2025-06-30 22:15:00,2025-06-30 23:42:00,B1,scheduled,6,87.0,True
AL6287,ORD,LAX,2025-07-15 13:24:00,2025-07-15 17:58:00,B19,scheduled,6,274.0,False
UA5887,ORD,SEA,2025-06-27 15:14:00,2025-06-27 17:09:00,B12,delayed,7,115.0,True
JB920,ORD,LAX,2025-07-16 05:14:00,2025-07-16 09:12:00,B16,delayed,6,238.0,False
SW4663,ORD,DEN,2025-06-24 15:42:00,2025-06-24 20:21:00,B2,delayed,6,279.0,True
DL8628,ORD,DFW,2025-07-06 20:14:00,2025-07-06 22:33:00,B16,scheduled,6,139.0,True
SW2851,ORD,DEN,2025-07-13 03:29:00,2025-07-13 06:29:00,B19,delayed,5,180.0,True
DL8848,LAX,ORD,2025-06-30 10:52:00,2025-06-30 15:21:00,B12,delayed,7,269.0,False
AA5432,ORD,BOS,2025-06-26 17:02:00,2025-06-26 19:04:00,B9,delayed,7,122.0,True
AA8306,ORD,DEN,2025-07-11 13:36:00,2025-07-11 18:04:00,B9,scheduled,7,268.0,True
JB6116,SEA,ORD,2025-06-24 05:29:00,2025-06-24 07:30:00,B14,delayed,4,121.0,False
UA6593,SEA,ORD,2025-07-17 17:57:00,2025-07-17 22:20:00,B13,scheduled,7,263.0,False
DL7293,ATL,ORD,2025-06-18 22:53:00,2025-06-19 03:43:00,B11,scheduled,4,290.0,False
AA4940,ATL,ORD,2025-07-17 08:04:00,2025-07-17 13:00:00,B3,delayed,5,296.0,False
AA8447,ORD,BOS,2025-06-30 11:29:00,2025-06-30 12:44:00,B13,scheduled,4,75.0,True
AA7630,SEA,ORD,2025-07-10 16:00:00,2025-07-10 17:29:00,B7,delayed,7,89.0,False
JB4118,ORD,BOS,2025-06-30 21:42:00,2025-07-01 02:08:00,B1,delayed,6,266.0,True
JB6274,DEN,ORD,2025-07-15 10:09:00,2025-07-15 12:32:00,B10,delayed,6,143.0,False
AL239,LAX,ORD,2025-06-21 22:40:00,2025-06-22 00:01:00,B1,delayed,4,81.0,False
AA2588,ORD,BOS,2025-07-07 17:04:00,2025-07-07 20:10:00,B7,cancelled,5,186.0,True
UA9821,ORD,SEA,2025-07-10 12:36:00,2025-07-10 14:03:00,B9,scheduled,4,87.0,True
UA2678,ORD,LAX,2025-07-09 05:59:00,2025-07-09 09:34:00,B3,delayed,5,215.0,False
UA1182,DEN,ORD,2025-07-05 23:51:00,2025-07-06 01:40:00,B6,scheduled,5,109.0,False
DL4032,DEN,ORD,2025-06-20 02:54:00,2025-06-20 07:40:00,B15,delayed,6,286.0,False
JB6928,JFK,ORD,2025-06-30 15:52:00,2025-06-30 19:09:00,B3,scheduled,7,197.0,False
DL332,DEN,ORD,2025-07-13 00:21:00,2025-07-13 04:08:00,B5,scheduled,4,227.0,False
AL4330,JFK,ORD,2025-06-24 02:51:00,2025-06-24 07:49:00,B3,scheduled,5,298.0,False
DL7086,ORD,DEN,2025-06-29 21:48:00,2025-06-30 00:34:00,B11,scheduled,7,166.0,True
UA5170,ATL,ORD,2025-07-04 15:46:00,2025-07-04 17:10:00,B13,scheduled,4,84.0,False
JB2008,ORD,LAX,2025-07-15 06:30:00,2025-07-15 09:43:00,B15,scheduled,7,193.0,False
JB9137,BOS,ORD,2025-07-09 18:06:00,2025-07-09 21:12:00,B8,delayed,5,186.0,False
UA2343,JFK,ORD,2025-06-20 16:58:00,2025-06-20 21:58:00,B16,scheduled,4,300.0,False
JB9978,ORD,LAX,2025-06-24 11:06:00,2025-06-24 16:04:00,B18,delayed,6,298.0,False
UA2858,ORD,BOS,2025-06-29 11:25:00,2025-06-29 12:45:00,B10,scheduled,4,80.0,True
AA7805,ORD,LAX,2025-07-16 22:02:00,2025-07-17 02:29:00,B9,scheduled,6,267.0,False
AL8450,ATL,ORD,2025-06-25 21:59:00,2025-06-26 02:07:00,B7,scheduled,7,248.0,False
AA4176,ORD,ATL,2025-07-17 08:56:00,2025-07-17 12:24:00,B1,scheduled,5,208.0,False
AL862,ORD,JFK,2025-06-28 17:09:00,2025-06-28 19:12:00,B15,delayed,5,123.0,True
AA6141,ORD,ATL,2025-07-17 16:44:00,2025-07-17 21:05:00,B13,scheduled,7,261.0,False
SW8689,ORD,JFK,2025-06-20 22:05:00,2025-06-21 02:16:00,B17,scheduled,6,251.0,True
SW6400,ORD,JFK,2025-06-28 21:03:00,2025-06-29 00:48:00,B10,scheduled,4,225.0,True
UA4230,LAX,ORD,2025-06-29 04:28:00,2025-06-29 09:18:00,B9,scheduled,5,290.0,False
UA7060,ATL,ORD,2025-06-23 03:28:00,2025-06-23 07:35:00,B7,cancelled,7,247.0,False
AA3458,BOS,ORD,2025-06-28 17:38:00,2025-06-28 20:23:00,B10,scheduled,5,165.0,False
AA9466,MIA,ORD,2025-06-19 10:22:00,2025-06-19 14:31:00,B13,cancelled,6,249.0,False
AL7464,ORD,DEN,2025-07-09 04:22:00,2025-07-09 05:37:00,B10,scheduled,6,75.0,True
AL3445,ATL,ORD,2025-06-19 15:23:00,2025-06-19 16:53:00,B5,scheduled,7,90.0,False
DL6236,ORD,MIA,2025-07-05 09:58:00,2025-07-05 10:59:00,B1,scheduled,7,61.0,False
AA3864,LAX,ORD,2025-06-23 23:28:00,2025-06-24 04:18:00,B16,cancelled,7,290.0,False
JB3897,ORD,JFK,2025-07-11 18:44:00,2025-07-11 20:30:00,B12,scheduled,7,106.0,True
JB9007,ORD,DFW,2025-06-20 12:26:00,2025-06-20 15:36:00,B15,delayed,4,190.0,True
SW8136,MIA,ORD,2025-06-26 07:45:00,2025-06-26 08:56:00,B19,scheduled,7,71.0,False
AL1564,ATL,ORD,2025-06-28 05:51:00,2025-06-28 09:49:00,B6,cancelled,6,238.0,False
AA7016,MIA,ORD,2025-07-16 15:29:00,2025-07-16 18:22:00,B10,delayed,5,173.0,False
AA7292,LAX,ORD,2025-06-26 20:59:00,2025-06-27 00:02:00,B4,scheduled,5,183.0,False
AL1986,ORD,SFO,2025-07-02 10:42:00,2025-07-02 13:19:00,B12,scheduled,7,157.0,False
JB8947,MIA,ORD,2025-07-15 12:44:00,2025-07-15 16:35:00,B8,delayed,4,231.0,False
AA5246,ORD,DEN,2025-07-11 00:40:00,2025-07-11 04:19:00,B4,scheduled,5,219.0,True
UA869,ORD,ATL,2025-06-21 03:28:00,2025-06-21 04:43:00,B17,delayed,7,75.0,False
DL8548,ORD,BOS,2025-07-09 18:20:00,2025-07-09 21:27:00,B11,cancelled,7,187.0,True
UA2899,ORD,SEA,2025-07-16 09:11:00,2025-07-16 13:04:00,B8,scheduled,5,233.0,True
UA793,ORD,SFO,2025-07-05 05:08:00,2025-07-05 09:21:00,B4,delayed,7,253.0,False
AL6146,ORD,SEA,2025-06-28 15:12:00,2025-06-28 19:16:00,B6,scheduled,7,244.0,True
AL1108,ORD,MIA,2025-07-15 23:23:00,2025-07-16 03:55:00,B17,delayed,4,272.0,False
JB7742,LAX,ORD,2025-07-15 12:12:00,2025-07-15 15:08:00,B19,scheduled,6,176.0,False
UA3798,ATL,ORD,2025-07-06 15:21:00,2025-07-06 19:05:00,B8,scheduled,7,224.0,False
JB1261,ORD,JFK,2025-06-21 16:17:00,2025-06-21 18:36:00,B7,scheduled,6,139.0,True
AL2683,ORD,SEA,2025-06-27 01:40:00,2025-06-27 03:23:00,B16,scheduled,4,103.0,True
AA8052,MIA,ORD,2025-07-08 01:29:00,2025-07-08 04:55:00,B1,scheduled,4,206.0,False
DL3929,MIA,ORD,2025-07-06 18:03:00,2025-07-06 19:14:00,B7,scheduled,6,71.0,False
SW9418,ORD,BOS,2025-07-04 20:58:00,2025-07-05 00:26:00,B5,delayed,7,208.0,True
AA4923,ATL,ORD,2025-07-03 05:50:00,2025-07-03 09:14:00,B11,scheduled,6,204.0,False
DL4923,ORD,DFW,2025-06-23 03:21:00,2025-06-23 05:08:00,B16,scheduled,6,107.0,True
JB997,ORD,SEA,2025-07-06 14:30:00,2025-07-06 17:54:00,B15,scheduled,4,204.0,True
AL3837,ORD,DFW,2025-07-02 07:03:00,2025-07-02 10:26:00,B13,scheduled,6,203.0,True
UA1631,MIA,ORD,2025-07-07 23:12:00,2025-07-08 03:01:00,B18,scheduled,6,229.0,False
AA8519,ORD,MIA,2025-06-28 09:22:00,2025-06-28 10:22:00,B16,scheduled,4,60.0,False
JB7363,ORD,BOS,2025-06-27 02:58:00,2025-06-27 07:41:00,B9,scheduled,4,283.0,True
UA3712,SFO,ORD,2025-06-20 11:56:00,2025-06-20 16:02:00,B12,scheduled,4,246.0,False
DL9869,ORD,SEA,2025-07-06 22:37:00,2025-07-07 02:28:00,B2,delayed,6,231.0,True
AA8162,ORD,SFO,2025-06-19 02:15:00,2025-06-19 05:37:00,B18,scheduled,4,202.0,False
SW1881,ORD,DFW,2025-07-03 21:32:00,2025-07-04 02:26:00,B10,scheduled,4,294.0,True
DL107,ORD,LAX,2025-06-21 18:50:00,2025-06-21 22:24:00,B1,scheduled,7,214.0,False
DL4377,MIA,ORD,2025-06-22 20:46:00,2025-06-23 00:26:00,B15,scheduled,7,220.0,False
UA2708,ORD,DFW,2025-07-16 20:13:00,2025-07-16 22:42:00,B18,scheduled,6,149.0,True
SW7582,BOS,ORD,2025-07-03 02:35:00,2025-07-03 06:00:00,B16,scheduled,4,205.0,False
SW8387,MIA,ORD,2025-07-16 14:10:00,2025-07-16 17:37:00,B9,scheduled,6,207.0,False
JB9550,SEA,ORD,2025-06-24 02:26:00,2025-06-24 04:47:00,B11,scheduled,4,141.0,False
AL8827,ORD,DFW,2025-07-17 01:26:00,2025-07-17 03:00:00,B18,scheduled,6,94.0,True
JB2915,ORD,SFO,2025-07-05 21:58:00,2025-07-05 23:40:00,B3,delayed,5,102.0,False
SW5139,JFK,ORD,2025-07-04 18:49:00,2025-07-04 20:42:00,B1,delayed,5,113.0,False
SW6917,ORD,ATL,2025-07-03 06:25:00,2025-07-03 09:47:00,B2,scheduled,4,202.0,False
UA4759,MIA,ORD,2025-06-22 18:37:00,2025-06-22 20:49:00,B3,cancelled,7,132.0,False
UA8542,SFO,ORD,2025-06-18 11:57:00,2025-06-18 13:30:00,B1,scheduled,7,93.0,False
AA8715,ORD,SFO,2025-07-01 07:28:00,2025-07-01 09:21:00,B4,scheduled,6,113.0,False
AA2290,ATL,ORD,2025-07-12 22:29:00,2025-07-13 02:55:00,B9,scheduled,4,266.0,False
SW4399,JFK,ORD,2025-07-11 20:31:00,2025-07-11 22:33:00,B19,scheduled,7,122.0,False
JB7688,SEA,ORD,2025-06-27 11:46:00,2025-06-27 15:49:00,B16,scheduled,6,243.0,False
DL2926,BOS,ORD,2025-06-19 12:58:00,2025-06-19 15:21:00,B11,scheduled,4,143.0,False
DL1751,ORD,DFW,2025-07-06 22:56:00,2025-07-07 03:41:00,B6,scheduled,7,285.0,True
AL4106,ORD,SFO,2025-07-17 22:35:00,2025-07-18 01:08:00,B18,scheduled,7,153.0,False
JB7289,ORD,MIA,2025-07-15 16:18:00,2025-07-15 20:49:00,B5,scheduled,7,271.0,False
AL9863,ORD,JFK,2025-07-03 06:39:00,2025-07-03 08:42:00,B5,scheduled,4,123.0,True
AL1714,ATL,ORD,2025-06-25 00:00:00,2025-06-25 01:07:00,B15,scheduled,7,67.0,False
AL989,ORD,SFO,2025-07-06 06:46:00,2025-07-06 10:52:00,B16,cancelled,7,246.0,False
SW1097,ORD,DFW,2025-07-17 05:14:00,2025-07-17 08:30:00,B9,delayed,4,196.0,True
UA3357,ORD,SFO,2025-06-19 07:14:00,2025-06-19 08:37:00,B12,scheduled,7,83.0,False
AL1562,JFK,ORD,2025-07-15 18:44:00,2025-07-15 23:01:00,B18,scheduled,5,257.0,False
AA2221,LAX,ORD,2025-07-05 14:52:00,2025-07-05 17:35:00,B7,scheduled,5,163.0,False
AL622,ORD,JFK,2025-06-23 17:07:00,2025-06-23 20:45:00,B17,scheduled,6,218.0,True
AL8769,SEA,ORD,2025-07-03 19:34:00,2025-07-03 23:23:00,B15,scheduled,6,229.0,False
AA9248,ORD,LAX,2025-06-22 07:24:00,2025-06-22 09:36:00,B11,scheduled,7,132.0,False
JB3272,SFO,ORD,2025-06-18 23:41:00,2025-06-19 04:16:00,B7,delayed,4,275.0,False
UA9106,ORD,DEN,2025-06-26 21:21:00,2025-06-27 00:09:00,B18,scheduled,5,168.0,True
AL1853,ORD,ATL,2025-07-01 00:21:00,2025-07-01 03:36:00,B16,scheduled,6,195.0,False
DL506,SFO,ORD,2025-06-23 09:44:00,2025-06-23 13:44:00,B10,scheduled,7,240.0,False
SW6549,ORD,MIA,2025-06-29 18:40:00,2025-06-29 23:14:00,B19,scheduled,7,274.0,False
JB1149,SFO,ORD,2025-06-21 19:12:00,2025-06-21 21:42:00,B1,scheduled,7,150.0,False
JB8056,LAX,ORD,2025-06-20 12:14:00,2025-06-20 15:08:00,B4,scheduled,7,174.0,False
AL8544,SFO,ORD,2025-06-27 19:23:00,2025-06-27 23:31:00,B6,scheduled,5,248.0,False
SW2386,JFK,ORD,2025-06-30 05:28:00,2025-06-30 07:10:00,B10,scheduled,7,102.0,False
SW999,MIA,ORD,2025-06-23 00:26:00,2025-06-23 01:48:00,B7,delayed,7,82.0,False
AL4351,ORD,JFK,2025-07-16 22:01:00,2025-07-17 02:26:00,B6,scheduled,7,265.0,True
AA4351,MIA,ORD,2025-06-21 00:24:00,2025-06-21 04:51:00,B7,delayed,7,267.0,False
JB4530,ORD,BOS,2025-07-10 22:47:00,2025-07-11 02:39:00,B16,scheduled,5,232.0,True
JB2564,ORD,SEA,2025-07-13 16:19:00,2025-07-13 21:10:00,B13,delayed,6,291.0,True
AL9163,ORD,MIA,2025-07-01 03:19:00,2025-07-01 07:11:00,B13,cancelled,6,232.0,False
JB7008,ORD,DEN,2025-07-17 08:02:00,2025-07-17 09:13:00,B17,scheduled,4,71.0,True
AA2605,DFW,ORD,2025-06-21 03:44:00,2025-06-21 06:37:00,B6,scheduled,4,173.0,False
JB3737,MIA,ORD,2025-06-18 05:22:00,2025-06-18 08:30:00,B1,scheduled,5,188.0,False
JB9533,SEA,ORD,2025-07-12 04:51:00,2025-07-12 07:44:00,B5,scheduled,5,173.0,False
JB1695,SEA,ORD,2025-06-30 03:22:00,2025-06-30 04:53:00,B17,scheduled,5,91.0,False
AA7355,MIA,ORD,2025-06-22 14:50:00,2025-06-22 16:59:00,B10,delayed,6,129.0,False
SW4442,DEN,ORD,2025-07-06 03:55:00,2025-07-06 07:35:00,B8,scheduled,5,220.0,False
AL9915,LAX,ORD,2025-07-16 03:19:00,2025-07-16 04:53:00,B9,scheduled,7,94.0,False
DL6350,ORD,JFK,2025-07-09 22:50:00,2025-07-10 01:22:00,B19,scheduled,7,152.0,True
JB4358,SFO,ORD,2025-06-22 18:14:00,2025-06-22 21:25:00,B10,scheduled,5,191.0,False
JB4199,DFW,ORD,2025-07-01 19:16:00,2025-07-01 22:31:00,B10,scheduled,7,195.0,False
SW6244,ORD,JFK,2025-07-01 13:22:00,2025-07-01 18:17:00,B16,scheduled,6,295.0,True
SW6066,ORD,JFK,2025-07-02 08:24:00,2025-07-02 10:44:00,B7,scheduled,7,140.0,True
DL2592,SFO,ORD,2025-06-26 16:58:00,2025-06-26 18:28:00,B15,cancelled,6,90.0,False
SW7865,DFW,ORD,2025-07-08 18:37:00,2025-07-08 21:26:00,B10,scheduled,4,169.0,False
JB4215,LAX,ORD,2025-07-05 03:52:00,2025-07-05 08:45:00,B10,delayed,7,293.0,False
SW1347,DFW,ORD,2025-07-17 06:30:00,2025-07-17 10:57:00,B11,scheduled,5,267.0,False
DL8763,ORD,LAX,2025-06-25 16:48:00,2025-06-25 18:01:00,B11,scheduled,7,73.0,False
JB2964,DEN,ORD,2025-07-04 23:29:00,2025-07-05 01:36:00,B18,scheduled,7,127.0,False
JB3910,DFW,ORD,2025-06-23 19:47:00,2025-06-23 23:38:00,B7,scheduled,5,231.0,False
DL7431,LAX,ORD,2025-06-24 13:51:00,2025-06-24 15:40:00,B4,scheduled,7,109.0,False
JB8929,SEA,ORD,2025-06-19 14:32:00,2025-06-19 16:21:00,B18,delayed,4,109.0,False
SW5893,SFO,ORD,2025-06-21 12:29:00,2025-06-21 17:18:00,B13,scheduled,4,289.0,False
AL5989,ORD,DEN,2025-06-29 18:32:00,2025-06-29 20:37:00,B3,scheduled,7,125.0,True
SW2353,ORD,MIA,2025-06-22 23:18:00,2025-06-23 01:28:00,B11,scheduled,4,130.0,False
JB1790,ORD,BOS,2025-06-28 22:11:00,2025-06-29 00:11:00,B5,scheduled,5,120.0,True
JB8291,ORD,LAX,2025-07-17 14:40:00,2025-07-17 18:28:00,B3,scheduled,5,228.0,False
AA9571,ORD,BOS,2025-07-11 15:10:00,2025-07-11 20:06:00,B9,scheduled,5,296.0,True
SW7210,JFK,ORD,2025-07-11 23:11:00,2025-07-12 01:49:00,B4,delayed,7,158.0,False
UA5497,SFO,ORD,2025-06-18 08:49:00,2025-06-18 11:23:00,B6,scheduled,6,154.0,False
JB9350,ORD,SEA,2025-07-12 12:35:00,2025-07-12 16:40:00,B9,delayed,5,245.0,True
DL7171,ATL,ORD,2025-06-19 05:19:00,2025-06-19 06:41:00,B17,delayed,7,82.0,False
AA9165,ORD,SEA,2025-06-18 21:02:00,2025-06-18 23:19:00,B17,scheduled,5,137.0,True
UA8492,ORD,ATL,2025-07-15 15:48:00,2025-07-15 18:50:00,B19,scheduled,7,182.0,False
AA9512,ORD,SFO,2025-07-10 19:47:00,2025-07-11 00:19:00,B2,scheduled,5,272.0,False
SW3010,ATL,ORD,2025-06-30 21:08:00,2025-07-01 01:44:00,B1,scheduled,7,276.0,False
UA4687,MIA,ORD,2025-07-13 16:39:00,2025-07-13 20:15:00,B13,scheduled,5,216.0,False
SW4038,ORD,ATL,2025-06-30 02:58:00,2025-06-30 07:01:00,B13,delayed,7,243.0,False
AL814,DEN,ORD,2025-07-07 15:50:00,2025-07-07 17:10:00,B19,delayed,4,80.0,False
SW4572,ORD,SEA,2025-07-12 07:50:00,2025-07-12 09:05:00,B16,scheduled,7,75.0,True
UA5572,SFO,ORD,2025-07-12 19:02:00,2025-07-12 20:14:00,B17,delayed,5,72.0,False
JB5560,ORD,JFK,2025-07-15 05:52:00,2025-07-15 07:00:00,B16,scheduled,6,68.0,True
AA1740,JFK,ORD,2025-06-28 20:07:00,2025-06-28 21:32:00,B7,delayed,4,85.0,False
SW6474,ORD,SFO,2025-07-01 15:08:00,2025-07-01 19:08:00,B19,scheduled,5,240.0,False
DL3085,ORD,JFK,2025-06-21 23:19:00,2025-06-22 03:09:00,B17,scheduled,5,230.0,True
UA1918,ORD,SEA,2025-06-20 12:27:00,2025-06-20 13:47:00,B12,scheduled,4,80.0,True
AL1636,LAX,ORD,2025-07-12 21:50:00,2025-07-13 00:06:00,B12,delayed,5,136.0,False
SW1257,DEN,ORD,2025-06-20 06:55:00,2025-06-20 09:27:00,B15,cancelled,7,152.0,False
AL7296,JFK,ORD,2025-07-13 02:10:00,2025-07-13 04:49:00,B10,scheduled,7,159.0,False
SW5229,JFK,ORD,2025-07-10 15:44:00,2025-07-10 17:38:00,B14,scheduled,6,114.0,False
UA1832,DFW,ORD,2025-07-06 00:15:00,2025-07-06 02:02:00,B16,delayed,4,107.0,False
DL5141,ORD,ATL,2025-06-28 04:01:00,2025-06-28 08:23:00,B4,scheduled,6,262.0,False
SW3703,LAX,ORD,2025-07-05 16:27:00,2025-07-05 19:07:00,B15,scheduled,6,160.0,False
AL5580,ORD,JFK,2025-07-01 00:34:00,2025-07-01 05:23:00,B14,scheduled,4,289.0,True
JB9825,DEN,ORD,2025-06-22 04:49:00,2025-06-22 06:32:00,B19,scheduled,5,103.0,False
AA5740,ORD,JFK,2025-07-08 10:58:00,2025-07-08 12:27:00,B1,scheduled,5,89.0,True
DL3197,ORD,DFW,2025-07-13 06:32:00,2025-07-13 07:33:00,B18,scheduled,6,61.0,True
JB2900,SFO,ORD,2025-06-22 17:06:00,2025-06-22 20:51:00,B2,scheduled,7,225.0,False
AA984,ORD,ATL,2025-07-09 21:45:00,2025-07-09 23:26:00,B1,delayed,6,101.0,False
UA8892,ORD,BOS,2025-06-27 22:28:00,2025-06-28 02:05:00,B17,delayed,5,217.0,True
DL1069,ORD,DFW,2025-06-24 08:45:00,2025-06-24 12:34:00,B13,cancelled,5,229.0,True
AA1181,ATL,ORD,2025-07-12 02:19:00,2025-07-12 06:30:00,B16,scheduled,6,251.0,False
SW8259,ATL,ORD,2025-06-24 03:37:00,2025-06-24 07:40:00,B1,scheduled,6,243.0,False
UA3277,DEN,ORD,2025-06-22 21:45:00,2025-06-22 23:47:00,B2,scheduled,6,122.0,False
AL1312,ORD,LAX,2025-07-07 03:04:00,2025-07-07 06:58:00,B17,scheduled,6,234.0,False
AA4419,ORD,BOS,2025-06-28 03:17:00,2025-06-28 04:47:00,B3,scheduled,4,90.0,True
AA3426,SFO,ORD,2025-06-25 01:45:00,2025-06-25 05:10:00,B11,scheduled,4,205.0,False
SW6031,ORD,LAX,2025-07-14 03:57:00,2025-07-14 07:08:00,B4,delayed,5,191.0,False
UA2506,ORD,SEA,2025-06-23 13:18:00,2025-06-23 14:40:00,B11,scheduled,7,82.0,True
DL6090,ATL,ORD,2025-07-01 00:43:00,2025-07-01 03:40:00,B4,delayed,4,177.0,False
AL8767,LAX,ORD,2025-07-04 20:35:00,2025-07-05 01:12:00,B10,delayed,6,277.0,False
SW6605,ORD,SFO,2025-07-05 02:27:00,2025-07-05 05:54:00,B7,scheduled,6,207.0,False
AA5031,ATL,ORD,2025-07-07 02:47:00,2025-07-07 07:16:00,B18,delayed,5,269.0,False
JB7417,LAX,ORD,2025-07-04 23:20:00,2025-07-05 03:26:00,B7,cancelled,4,246.0,False
AL2780,JFK,ORD,2025-07-10 20:05:00,2025-07-10 21:54:00,B10,scheduled,6,109.0,False
JB1130,DEN,ORD,2025-07-08 04:51:00,2025-07-08 09:49:00,B6,delayed,5,298.0,False
UA7687,ORD,LAX,2025-07-02 06:42:00,2025-07-02 08:29:00,B18,delayed,5,107.0,False
AL538,ORD,BOS,2025-07-05 23:49:00,2025-07-06 01:34:00,B18,scheduled,6,105.0,True
AL8040,BOS,ORD,2025-07-14 09:43:00,2025-07-14 13:48:00,B7,scheduled,6,245.0,False
AA8384,ORD,SEA,2025-07-15 20:09:00,2025-07-15 23:16:00,B7,delayed,5,187.0,True
AA331,ORD,DFW,2025-07-05 13:17:00,2025-07-05 14:26:00,B10,scheduled,7,69.0,True
AL8428,ORD,ATL,2025-06-25 13:16:00,2025-06-25 18:11:00,B4,scheduled,4,295.0,False
UA2622,JFK,ORD,2025-07-15 20:28:00,2025-07-15 22:42:00,B3,scheduled,4,134.0,False
SW3098,ORD,SFO,2025-07-06 15:23:00,2025-07-06 16:37:00,B4,scheduled,5,74.0,False
JB8228,SFO,ORD,2025-06-18 21:17:00,2025-06-18 22:35:00,B5,delayed,7,78.0,False
SW563,ORD,ATL,2025-07-08 03:14:00,2025-07-08 07:00:00,B18,scheduled,6,226.0,False
AL5967,LAX,ORD,2025-07-17 02:34:00,2025-07-17 05:58:00,B14,cancelled,5,204.0,False
DL911,ORD,SEA,2025-06-28 08:17:00,2025-06-28 10:39:00,B15,delayed,7,142.0,True
JB5477,ORD,ATL,2025-06-28 10:14:00,2025-06-28 11:26:00,B9,scheduled,4,72.0,False
AA5044,ORD,JFK,2025-06-29 07:59:00,2025-06-29 09:01:00,B6,scheduled,4,62.0,True
AL2323,ORD,DFW,2025-07-06 17:59:00,2025-07-06 19:39:00,B9,scheduled,4,100.0,True
AL1865,ORD,DEN,2025-07-06 17:05:00,2025-07-06 18:58:00,B3,scheduled,4,113.0,True
SW7278,ORD,LAX,2025-07-17 15:17:00,2025-07-17 19:06:00,B16,scheduled,5,229.0,False
DL252,MIA,ORD,2025-07-16 14:08:00,2025-07-16 18:31:00,B7,scheduled,4,263.0,False
SW9498,ORD,JFK,2025-06-24 07:50:00,2025-06-24 10:14:00,B14,scheduled,7,144.0,True
DL1018,ORD,DEN,2025-07-17 09:58:00,2025-07-17 12:32:00,B12,scheduled,4,154.0,True
JB4949,DFW,ORD,2025-06-20 07:58:00,2025-06-20 09:30:00,B18,delayed,4,92.0,False
UA8973,ORD,DEN,2025-06-20 11:39:00,2025-06-20 14:17:00,B6,delayed,6,158.0,True
AA3047,ORD,SFO,2025-07-11 05:27:00,2025-07-11 10:10:00,B8,cancelled,6,283.0,False
JB5723,ORD,SFO,2025-07-15 11:02:00,2025-07-15 12:12:00,B17,scheduled,6,70.0,False
DL3174,MIA,ORD,2025-06-29 11:13:00,2025-06-29 14:17:00,B3,scheduled,5,184.0,False
JB4225,ORD,SFO,2025-06-22 22:07:00,2025-06-23 01:37:00,B14,scheduled,7,210.0,False
AL1892,DEN,ORD,2025-07-15 10:22:00,2025-07-15 12:43:00,B18,delayed,6,141.0,False
UA2551,ORD,ATL,2025-06-19 04:26:00,2025-06-19 06:58:00,B12,scheduled,7,152.0,False
SW5351,ORD,LAX,2025-07-05 07:20:00,2025-07-05 09:05:00,B12,scheduled,5,105.0,False
AL6285,ORD,JFK,2025-07-05 05:42:00,2025-07-05 09:19:00,B17,scheduled,7,217.0,True
AA6643,DEN,ORD,2025-06-19 00:09:00,2025-06-19 02:56:00,B16,delayed,7,167.0,False
JB4960,ORD,SEA,2025-06-26 01:15:00,2025-06-26 05:46:00,B10,cancelled,4,271.0,True
AA5592,ORD,JFK,2025-07-07 20:16:00,2025-07-07 22:52:00,B8,delayed,4,156.0,True
DL1349,ORD,ATL,2025-06-22 12:04:00,2025-06-22 16:36:00,B18,scheduled,5,272.0,False
SW8878,MIA,ORD,2025-07-08 00:37:00,2025-07-08 03:56:00,B12,scheduled,4,199.0,False
JB4649,ORD,SEA,2025-07-14 23:23:00,2025-07-15 02:59:00,B5,scheduled,6,216.0,True
JB3949,ORD,DEN,2025-06-29 07:48:00,2025-06-29 12:34:00,B19,scheduled,5,286.0,True
JB1123,SFO,ORD,2025-07-13 21:38:00,2025-07-14 01:54:00,B6,scheduled,4,256.0,False
DL3821,ORD,MIA,2025-07-08 01:23:00,2025-07-08 06:21:00,B8,delayed,5,298.0,False
JB6413,ORD,BOS,2025-06-27 14:53:00,2025-06-27 19:38:00,B11,scheduled,4,285.0,True
AA4160,SFO,ORD,2025-07-06 07:20:00,2025-07-06 10:16:00,B10,scheduled,7,176.0,False
UA1131,ORD,SEA,2025-07-07 11:05:00,2025-07-07 14:36:00,B1,scheduled,6,211.0,True
AA874,ORD,MIA,2025-07-05 01:44:00,2025-07-05 06:38:00,B4,scheduled,5,294.0,False
AA611,ORD,SEA,2025-07-17 11:02:00,2025-07-17 15:27:00,B2,scheduled,7,265.0,True
AA6545,DFW,ORD,2025-07-15 13:56:00,2025-07-15 17:28:00,B11,delayed,5,212.0,False
AA6290,DEN,ORD,2025-07-01 21:38:00,2025-07-02 02:38:00,B1,scheduled,7,300.0,False
UA9887,ORD,ATL,2025-06-23 12:36:00,2025-06-23 14:58:00,B13,scheduled,7,142.0,False
AA5535,ORD,ATL,2025-06-23 21:24:00,2025-06-24 00:59:00,B15,scheduled,4,215.0,False
AL2445,LAX,ORD,2025-07-09 16:52:00,2025-07-09 18:52:00,B3,scheduled,4,120.0,False
AL5222,DFW,ORD,2025-07-03 23:13:00,2025-07-04 00:48:00,B7,scheduled,4,95.0,False
JB4946,DEN,ORD,2025-07-01 18:01:00,2025-07-01 20:53:00,B7,scheduled,5,172.0,False
DL2102,ORD,SFO,2025-06-21 01:22:00,2025-06-21 03:42:00,B6,delayed,4,140.0,False
AA5185,ORD,SEA,2025-07-15 00:10:00,2025-07-15 05:08:00,B3,scheduled,6,298.0,True
DL7503,ORD,DEN,2025-07-12 06:36:00,2025-07-12 09:54:00,B6,scheduled,6,198.0,True
JB869,ORD,LAX,2025-07-08 11:22:00,2025-07-08 14:21:00,B15,delayed,6,179.0,False
DL9676,JFK,ORD,2025-06-23 18:06:00,2025-06-23 21:33:00,B16,scheduled,6,207.0,False
SW3484,ORD,DEN,2025-06-27 20:45:00,2025-06-28 00:47:00,B17,delayed,4,242.0,True
UA4301,ORD,BOS,2025-06-21 22:47:00,2025-06-22 01:23:00,B5,scheduled,6,156.0,True
JB4658,BOS,ORD,2025-06-26 02:06:00,2025-06-26 05:15:00,B9,delayed,6,189.0,False
SW4456,SEA,ORD,2025-07-10 13:15:00,2025-07-10 14:46:00,B6,scheduled,6,91.0,False
UA675,LAX,ORD,2025-07-05 16:09:00,2025-07-05 20:43:00,B10,scheduled,7,274.0,False
DL5812,ORD,BOS,2025-06-24 00:30:00,2025-06-24 03:11:00,B14,scheduled,6,161.0,True
UA1211,DFW,ORD,2025-06-20 00:09:00,2025-06-20 05:05:00,B11,scheduled,7,296.0,False
AA5934,ORD,DFW,2025-06-22 01:50:00,2025-06-22 05:26:00,B18,delayed,4,216.0,True
AA9723,ORD,DEN,2025-07-12 23:10:00,2025-07-13 02:09:00,B4,scheduled,6,179.0,True
JB945,ORD,SEA,2025-06-22 17:52:00,2025-06-22 19:19:00,B11,scheduled,5,87.0,True
AL2882,ORD,BOS,2025-07-06 09:12:00,2025-07-06 12:06:00,B9,delayed,5,174.0,True
DL8956,ORD,ATL,2025-06-22 11:09:00,2025-06-22 12:36:00,B5,scheduled,5,87.0,False
AA4259,SEA,ORD,2025-06-26 15:45:00,2025-06-26 17:15:00,B13,scheduled,5,90.0,False
AA6609,ORD,ATL,2025-07-04 14:48:00,2025-07-04 16:24:00,B1,scheduled,6,96.0,False
DL3092,ORD,SEA,2025-07-16 06:57:00,2025-07-16 08:02:00,B19,scheduled,6,65.0,True
JB6821,ORD,LAX,2025-06-28 09:40:00,2025-06-28 13:06:00,B18,delayed,4,206.0,False
AL8155,ORD,LAX,2025-06-25 18:51:00,2025-06-25 20:42:00,B16,delayed,4,111.0,False
UA124,ORD,JFK,2025-07-04 13:25:00,2025-07-04 18:16:00,B19,delayed,4,291.0,True
SW9635,ATL,ORD,2025-07-10 17:05:00,2025-07-10 18:56:00,B3,delayed,6,111.0,False
AL4356,DFW,ORD,2025-06-19 00:50:00,2025-06-19 02:38:00,B2,delayed,4,108.0,False
UA4018,JFK,ORD,2025-07-04 17:30:00,2025-07-04 19:22:00,B6,scheduled,5,112.0,False
JB2593,ORD,BOS,2025-06-22 09:03:00,2025-06-22 12:59:00,B11,cancelled,4,236.0,True
JB4834,ORD,DFW,2025-07-11 13:42:00,2025-07-11 16:36:00,B12,scheduled,4,174.0,True
UA3256,ORD,MIA,2025-06-28 13:22:00,2025-06-28 17:44:00,B15,scheduled,6,262.0,False
AA4799,ORD,SFO,2025-07-03 22:52:00,2025-07-04 02:16:00,B17,scheduled,5,204.0,False
SW6791,ORD,DFW,2025-06-20 17:29:00,2025-06-20 19:36:00,B7,scheduled,7,127.0,True
AA1570,MIA,ORD,2025-07-09 01:33:00,2025-07-09 02:55:00,B3,scheduled,4,82.0,False
AL7099,ORD,DFW,2025-06-23 23:53:00,2025-06-24 03:18:00,B10,scheduled,7,205.0,True
AL5012,ORD,MIA,2025-07-07 06:37:00,2025-07-07 08:33:00,B6,delayed,7,116.0,False
AA2167,ORD,ATL,2025-07-02 16:10:00,2025-07-02 20:23:00,B16,scheduled,6,253.0,False
AA8445,SEA,ORD,2025-07-06 03:36:00,2025-07-06 06:31:00,B17,scheduled,6,175.0,False
JB7340,ORD,ATL,2025-06-30 18:31:00,2025-06-30 19:50:00,B3,scheduled,4,79.0,False
UA4554,DFW,ORD,2025-06-23 22:08:00,2025-06-24 00:08:00,B19,scheduled,6,120.0,False
DL381,ORD,SFO,2025-06-29 21:28:00,2025-06-30 00:55:00,B12,delayed,6,207.0,False
AA7129,MIA,ORD,2025-07-09 07:22:00,2025-07-09 09:25:00,B15,delayed,5,123.0,False
AA2737,LAX,ORD,2025-06-20 04:46:00,2025-06-20 06:32:00,B10,scheduled,7,106.0,False
AL934,SFO,ORD,2025-07-04 08:30:00,2025-07-04 12:25:00,B12,cancelled,4,235.0,False
UA3761,LAX,ORD,2025-06-27 14:02:00,2025-06-27 16:54:00,B12,scheduled,4,172.0,False
AL7368,SEA,ORD,2025-07-13 14:36:00,2025-07-13 17:51:00,B15,scheduled,7,195.0,False
AL9095,ORD,DEN,2025-07-13 02:30:00,2025-07-13 03:33:00,B6,scheduled,6,63.0,True
SW3151,ATL,ORD,2025-06-27 21:57:00,2025-06-28 02:41:00,B11,scheduled,4,284.0,False
AA6398,ORD,LAX,2025-07-05 23:45:00,2025-07-06 03:14:00,B5,scheduled,6,209.0,False
DL1943,DFW,ORD,2025-07-01 01:05:00,2025-07-01 05:42:00,B18,delayed,5,277.0,False
AA6277,ORD,LAX,2025-07-04 23:16:00,2025-07-05 04:09:00,B9,cancelled,4,293.0,False
SW1767,ORD,JFK,2025-07-04 12:08:00,2025-07-04 13:24:00,B12,scheduled,5,76.0,True
JB2930,ORD,SEA,2025-06-20 11:24:00,2025-06-20 13:05:00,B15,delayed,6,101.0,True
JB5019,ORD,MIA,2025-06-26 16:05:00,2025-06-26 19:27:00,B2,scheduled,6,202.0,False
AL3483,ORD,MIA,2025-06-21 06:50:00,2025-06-21 11:30:00,B10,delayed,5,280.0,False
DL3669,SFO,ORD,2025-07-04 12:10:00,2025-07-04 15:44:00,B9,cancelled,7,214.0,False
JB6950,MIA,ORD,2025-07-09 19:01:00,2025-07-09 20:52:00,B11,delayed,4,111.0,False
AA9712,DFW,ORD,2025-07-08 01:35:00,2025-07-08 06:12:00,B2,scheduled,5,277.0,False
DL2974,ATL,ORD,2025-06-20 22:08:00,2025-06-21 02:08:00,B16,scheduled,6,240.0,False
AA7715,ORD,MIA,2025-06-22 21:49:00,2025-06-22 23:16:00,B11,delayed,7,87.0,False
SW9579,DEN,ORD,2025-06-22 22:07:00,2025-06-23 02:40:00,B3,scheduled,6,273.0,False
UA4681,ORD,SEA,2025-07-09 02:10:00,2025-07-09 03:56:00,B6,delayed,4,106.0,True
SW3052,ORD,MIA,2025-06-25 09:34:00,2025-06-25 13:48:00,B12,scheduled,5,254.0,False
UA3465,ORD,BOS,2025-07-17 12:59:00,2025-07-17 15:16:00,B18,delayed,4,137.0,True
DL3150,BOS,ORD,2025-07-15 06:55:00,2025-07-15 08:06:00,B17,scheduled,4,71.0,False
DL4151,ATL,ORD,2025-06-25 08:21:00,2025-06-25 10:50:00,B15,scheduled,7,149.0,False
DL5957,ATL,ORD,2025-06-18 12:09:00,2025-06-18 13:51:00,B10,scheduled,5,102.0,False
DL9800,ORD,DEN,2025-06-29 10:00:00,2025-06-29 12:40:00,B15,scheduled,7,160.0,True
JB536,SFO,ORD,2025-06-18 12:54:00,2025-06-18 17:21:00,B12,scheduled,5,267.0,False
DL4076,BOS,ORD,2025-06-20 18:38:00,2025-06-20 20:08:00,B10,scheduled,6,90.0,False
UA1622,SFO,ORD,2025-07-15 07:13:00,2025-07-15 11:31:00,B19,scheduled,4,258.0,False
SW1345,BOS,ORD,2025-06-26 10:29:00,2025-06-26 13:10:00,B10,delayed,4,161.0,False
UA2576,ORD,SEA,2025-06-30 16:21:00,2025-06-30 19:22:00,B10,scheduled,4,181.0,True
DL1834,ORD,DEN,2025-06-20 23:43:00,2025-06-21 01:31:00,B8,scheduled,5,108.0,True
AL908,LAX,ORD,2025-07-01 20:08:00,2025-07-01 22:08:00,B5,cancelled,6,120.0,False
DL6233,ORD,DEN,2025-07-09 10:08:00,2025-07-09 13:42:00,B17,scheduled,5,214.0,True
JB9033,DFW,ORD,2025-06-25 04:28:00,2025-06-25 05:51:00,B9,scheduled,7,83.0,False
AA5964,ORD,BOS,2025-07-07 18:40:00,2025-07-07 21:10:00,B16,scheduled,4,150.0,True
SW2311,ORD,SFO,2025-07-08 02:35:00,2025-07-08 06:36:00,B18,cancelled,6,241.0,False
JB4460,SFO,ORD,2025-06-19 00:38:00,2025-06-19 04:47:00,B10,scheduled,6,249.0,False
UA241,ORD,ATL,2025-06-26 13:30:00,2025-06-26 18:12:00,B11,scheduled,4,282.0,False
JB6836,ORD,DEN,2025-07-08 13:29:00,2025-07-08 15:13:00,B11,scheduled,6,104.0,True
UA1528,ORD,ATL,2025-06-29 09:21:00,2025-06-29 14:17:00,B1,scheduled,7,296.0,False
AA6940,DFW,ORD,2025-07-15 05:49:00,2025-07-15 06:51:00,B1,scheduled,6,62.0,False
DL6815,SFO,ORD,2025-07-08 09:17:00,2025-07-08 10:27:00,B7,scheduled,4,70.0,False
UA7696,BOS,ORD,2025-06-24 07:52:00,2025-06-24 09:33:00,B16,scheduled,4,101.0,False
SW194,LAX,ORD,2025-07-15 03:29:00,2025-07-15 05:25:00,B11,scheduled,4,116.0,False
AL4663,DFW,ORD,2025-06-22 08:48:00,2025-06-22 11:28:00,B3,scheduled,6,160.0,False
DL6991,MIA,ORD,2025-06-26 12:55:00,2025-06-26 17:03:00,B2,scheduled,4,248.0,False
UA9291,ORD,LAX,2025-07-08 22:25:00,2025-07-08 23:40:00,B1,scheduled,4,75.0,False
JB7295,ORD,LAX,2025-07-16 06:51:00,2025-07-16 09:18:00,B19,scheduled,7,147.0,False
JB4653,ORD,DEN,2025-06-28 18:24:00,2025-06-28 21:47:00,B2,delayed,7,203.0,True
AA5483,BOS,ORD,2025-07-17 23:23:00,2025-07-18 02:33:00,B18,scheduled,5,190.0,False
DL9940,ORD,SEA,2025-06-25 01:04:00,2025-06-25 04:19:00,B1,delayed,6,195.0,True
JB5652,ORD,BOS,2025-07-11 07:28:00,2025-07-11 11:16:00,B1,cancelled,7,228.0,True
SW4615,BOS,ORD,2025-07-17 09:46:00,2025-07-17 13:31:00,B8,delayed,6,225.0,False
AA7030,LAX,ORD,2025-07-07 06:36:00,2025-07-07 09:54:00,B3,delayed,7,198.0,False
DL354,ORD,MIA,2025-07-06 16:37:00,2025-07-06 19:17:00,B8,scheduled,5,160.0,False
AL2436,ORD,JFK,2025-07-01 15:28:00,2025-07-01 19:55:00,B8,delayed,6,267.0,True
UA3621,DFW,ORD,2025-07-18 03:18:00,2025-07-18 08:02:00,B19,scheduled,6,284.0,False
UA2278,ORD,DEN,2025-06-29 05:38:00,2025-06-29 08:14:00,B19,scheduled,7,156.0,True
JB8692,ORD,JFK,2025-06-29 21:14:00,2025-06-29 23:01:00,B17,scheduled,5,107.0,True
JB2210,SFO,ORD,2025-06-25 18:04:00,2025-06-25 20:49:00,B6,scheduled,5,165.0,False
AL9982,BOS,ORD,2025-07-14 23:14:00,2025-07-15 04:08:00,B15,scheduled,5,294.0,False
SW302,SEA,ORD,2025-07-05 03:30:00,2025-07-05 08:24:00,B3,scheduled,5,294.0,False
JB8949,SEA,ORD,2025-06-19 17:13:00,2025-06-19 20:44:00,B4,scheduled,6,211.0,False
UA6691,ORD,BOS,2025-06-19 18:05:00,2025-06-19 21:51:00,B4,scheduled,6,226.0,True
SW6071,MIA,ORD,2025-06-18 09:42:00,2025-06-18 11:03:00,B17,scheduled,7,81.0,False
DL5135,ORD,DEN,2025-06-18 12:20:00,2025-06-18 14:39:00,B2,scheduled,4,139.0,True
UA9665,ORD,JFK,2025-06-24 21:08:00,2025-06-25 01:05:00,B14,cancelled,5,237.0,True
SW4795,ORD,DEN,2025-07-02 08:09:00,2025-07-02 10:19:00,B15,scheduled,5,130.0,True
AA4490,ORD,BOS,2025-07-15 04:48:00,2025-07-15 07:16:00,B6,scheduled,6,148.0,True
JB495,ORD,ATL,2025-06-21 21:56:00,2025-06-22 02:21:00,B8,scheduled,7,265.0,False
UA1583,DEN,ORD,2025-07-15 21:11:00,2025-07-16 01:09:00,B3,scheduled,6,238.0,False
AL2054,ORD,SEA,2025-06-29 04:12:00,2025-06-29 05:59:00,B10,scheduled,6,107.0,True
JB7806,ORD,JFK,2025-07-02 11:28:00,2025-07-02 13:25:00,B11,scheduled,5,117.0,True
DL5452,SFO,ORD,2025-07-06 18:02:00,2025-07-06 19:48:00,B1,scheduled,7,106.0,False
JB5034,ORD,SEA,2025-06-21 13:28:00,2025-06-21 17:37:00,B19,scheduled,5,249.0,True
SW6178,DEN,ORD,2025-06-27 07:29:00,2025-06-27 11:45:00,B15,scheduled,4,256.0,False
AA8839,BOS,ORD,2025-07-06 01:37:00,2025-07-06 02:47:00,B19,delayed,7,70.0,False
AL9223,ORD,JFK,2025-07-02 17:27:00,2025-07-02 19:40:00,B8,delayed,4,133.0,True
JB8210,DEN,ORD,2025-06-23 19:43:00,2025-06-23 22:49:00,B11,scheduled,4,186.0,False
SW362,SEA,ORD,2025-07-07 09:29:00,2025-07-07 14:19:00,B17,scheduled,7,290.0,False
AA6096,ORD,DFW,2025-07-04 06:55:00,2025-07-04 11:19:00,B16,scheduled,5,264.0,True
AL1577,JFK,ORD,2025-07-08 06:55:00,2025-07-08 08:53:00,B19,scheduled,6,118.0,False
AA3527,ORD,ATL,2025-06-29 20:14:00,2025-06-29 22:31:00,B7,scheduled,5,137.0,False
DL518,JFK,ORD,2025-07-13 20:40:00,2025-07-13 22:27:00,B19,scheduled,4,107.0,False
SW3584,ATL,ORD,2025-07-15 16:24:00,2025-07-15 20:22:00,B5,scheduled,7,238.0,False
SW4836,ORD,DFW,2025-07-13 22:42:00,2025-07-14 03:22:00,B5,scheduled,7,280.0,True
SW7856,SFO,ORD,2025-06-29 23:07:00,2025-06-30 00:49:00,B16,scheduled,4,102.0,False
JB5640,ATL,ORD,2025-06-28 09:29:00,2025-06-28 13:33:00,B12,scheduled,4,244.0,False
AL3087,ORD,JFK,2025-06-24 10:16:00,2025-06-24 12:17:00,B16,scheduled,7,121.0,True
AA1169,JFK,ORD,2025-06-29 15:33:00,2025-06-29 19:29:00,B12,scheduled,5,236.0,False
DL2201,ORD,SEA,2025-07-16 16:07:00,2025-07-16 20:12:00,B19,scheduled,5,245.0,True
AA715,DFW,ORD,2025-07-16 21:19:00,2025-07-16 23:32:00,B1,scheduled,5,133.0,False
DL6182,ORD,SEA,2025-07-08 20:16:00,2025-07-08 23:03:00,B15,scheduled,6,167.0,True
DL2189,ORD,SEA,2025-07-08 01:47:00,2025-07-08 04:02:00,B19,scheduled,4,135.0,True
SW1761,ORD,DFW,2025-07-15 01:57:00,2025-07-15 04:02:00,B9,scheduled,7,125.0,True
JB9696,ORD,LAX,2025-06-25 08:25:00,2025-06-25 12:28:00,B7,cancelled,7,243.0,False
AL5083,ORD,DFW,2025-07-15 03:09:00,2025-07-15 06:24:00,B18,scheduled,4,195.0,True
AA930,ORD,DFW,2025-07-06 04:24:00,2025-07-06 08:49:00,B8,scheduled,7,265.0,True
AA6894,ORD,DEN,2025-06-20 19:47:00,2025-06-20 22:18:00,B7,scheduled,4,151.0,True
AA8493,ORD,DEN,2025-07-01 23:27:00,2025-07-02 01:33:00,B5,scheduled,7,126.0,True
DL6788,JFK,ORD,2025-07-08 19:23:00,2025-07-08 20:28:00,B3,scheduled,4,65.0,False
JB4502,ORD,DEN,2025-07-03 12:41:00,2025-07-03 14:20:00,B8,scheduled,5,99.0,True
AL825,ORD,DEN,2025-06-30 12:12:00,2025-06-30 13:49:00,B13,delayed,7,97.0,True
JB387,ORD,SFO,2025-07-11 21:37:00,2025-07-11 23:48:00,B19,delayed,5,131.0,False
JB8652,MIA,ORD,2025-06-27 09:03:00,2025-06-27 10:03:00,B12,cancelled,4,60.0,False
SW8526,ORD,SFO,2025-07-17 09:33:00,2025-07-17 12:46:00,B16,delayed,5,193.0,False
AL6007,ATL,ORD,2025-07-07 17:58:00,2025-07-07 19:05:00,B16,scheduled,4,67.0,False
AL1516,SFO,ORD,2025-07-15 01:49:00,2025-07-15 03:43:00,B11,scheduled,7,114.0,False
AL7862,ORD,MIA,2025-06-24 18:44:00,2025-06-24 20:40:00,B6,scheduled,4,116.0,False
AL9491,ORD,ATL,2025-06-28 14:02:00,2025-06-28 17:02:00,B5,scheduled,6,180.0,False
JB4418,ORD,SEA,2025-07-13 05:40:00,2025-07-13 07:33:00,B5,scheduled,5,113.0,True
AL9973,ORD,LAX,2025-07-16 22:52:00,2025-07-17 03:13:00,B11,delayed,7,261.0,False
SW1710,ORD,BOS,2025-07-12 00:14:00,2025-07-12 03:58:00,B16,delayed,5,224.0,True
SW215,MIA,ORD,2025-06-19 10:00:00,2025-06-19 13:46:00,B12,scheduled,5,226.0,False
DL9758,SEA,ORD,2025-06-28 04:41:00,2025-06-28 07:44:00,B1,scheduled,5,183.0,False
JB3884,MIA,ORD,2025-07-05 20:23:00,2025-07-05 23:44:00,B4,scheduled,4,201.0,False
SW8390,ORD,SFO,2025-07-10 01:01:00,2025-07-10 02:56:00,B7,scheduled,7,115.0,False
AL2513,SEA,ORD,2025-07-15 13:54:00,2025-07-15 18:46:00,B4,scheduled,4,292.0,False
SW6208,ATL,ORD,2025-07-01 20:46:00,2025-07-01 22:09:00,B11,scheduled,4,83.0,False
DL4652,ORD,SFO,2025-07-06 03:31:00,2025-07-06 08:25:00,B17,scheduled,7,294.0,False
DL2289,ORD,JFK,2025-06-24 07:49:00,2025-06-24 12:12:00,B14,delayed,6,263.0,True
SW2070,ORD,DEN,2025-06-30 18:33:00,2025-06-30 23:01:00,B3,scheduled,4,268.0,True
JB3846,SEA,ORD,2025-06-26 10:13:00,2025-06-26 13:29:00,B6,delayed,7,196.0,False
